model,kind,rank,mean_cumulative_mass,num_spectra,source
mamba2,state,1,0.5459145489267305,7372800,/home/joshuaz/sssm-states/reconstruction_experiments/results/recon_mamba2_20260524_062734/spectra.pt
mamba2,state,2,0.663338529320797,7372800,/home/joshuaz/sssm-states/reconstruction_experiments/results/recon_mamba2_20260524_062734/spectra.pt
mamba2,state,3,0.731498411739797,7372800,/home/joshuaz/sssm-states/reconstruction_experiments/results/recon_mamba2_20260524_062734/spectra.pt
mamba2,state,4,0.7772845344682392,7372800,/home/joshuaz/sssm-states/reconstruction_experiments/results/recon_mamba2_20260524_062734/spectra.pt
mamba2,state,5,0.8106398813206194,7372800,/home/joshuaz/sssm-states/reconstruction_experiments/results/recon_mamba2_20260524_062734/spectra.pt
mamba2,state,6,0.836123843291722,7372800,/home/joshuaz/sssm-states/reconstruction_experiments/results/recon_mamba2_20260524_062734/spectra.pt
mamba2,state,7,0.8562717649647107,7372800,/home/joshuaz/sssm-states/reconstruction_experiments/results/recon_mamba2_20260524_062734/spectra.pt
mamba2,state,8,0.8726129360584629,7372800,/home/joshuaz/sssm-states/reconstruction_experiments/results/recon_mamba2_20260524_062734/spectra.pt
mamba2,state,9,0.8861411252163097,7372800,/home/joshuaz/sssm-states/reconstruction_experiments/results/recon_mamba2_20260524_062734/spectra.pt
mamba2,state,10,0.8975295677979138,7372800,/home/joshuaz/sssm-states/reconstruction_experiments/results/recon_mamba2_20260524_062734/spectra.pt
mamba2,state,11,0.9072525310047425,7372800,/home/joshuaz/sssm-states/reconstruction_experiments/results/recon_mamba2_20260524_062734/spectra.pt
mamba2,state,12,0.9156521294981239,7372800,/home/joshuaz/sssm-states/reconstruction_experiments/results/recon_mamba2_20260524_062734/spectra.pt
mamba2,state,13,0.9229830518289698,7372800,/home/joshuaz/sssm-states/reconstruction_experiments/results/recon_mamba2_20260524_062734/spectra.pt
mamba2,state,14,0.929438652012751,7372800,/home/joshuaz/sssm-states/reconstruction_experiments/results/recon_mamba2_20260524_062734/spectra.pt
mamba2,state,15,0.9351668270667954,7372800,/home/joshuaz/sssm-states/reconstruction_experiments/results/recon_mamba2_20260524_062734/spectra.pt
mamba2,state,16,0.9402828405052991,7372800,/home/joshuaz/sssm-states/reconstruction_experiments/results/recon_mamba2_20260524_062734/spectra.pt
mamba2,state,17,0.9448797114885963,7372800,/home/joshuaz/sssm-states/reconstruction_experiments/results/recon_mamba2_20260524_062734/spectra.pt
mamba2,state,18,0.9490318634492617,7372800,/home/joshuaz/sssm-states/reconstruction_experiments/results/recon_mamba2_20260524_062734/spectra.pt
mamba2,state,19,0.9527995415752967,7372800,/home/joshuaz/sssm-states/reconstruction_experiments/results/recon_mamba2_20260524_062734/spectra.pt
mamba2,state,20,0.9562323984609518,7372800,/home/joshuaz/sssm-states/reconstruction_experiments/results/recon_mamba2_20260524_062734/spectra.pt
mamba2,state,21,0.9593716669414517,7372800,/home/joshuaz/sssm-states/reconstruction_experiments/results/recon_mamba2_20260524_062734/spectra.pt
mamba2,state,22,0.9622520065208251,7372800,/home/joshuaz/sssm-states/reconstruction_experiments/results/recon_mamba2_20260524_062734/spectra.pt
mamba2,state,23,0.9649025867463504,7372800,/home/joshuaz/sssm-states/reconstruction_experiments/results/recon_mamba2_20260524_062734/spectra.pt
mamba2,state,24,0.9673482323593016,7372800,/home/joshuaz/sssm-states/reconstruction_experiments/results/recon_mamba2_20260524_062734/spectra.pt
mamba2,state,25,0.9696101781837451,7372800,/home/joshuaz/sssm-states/reconstruction_experiments/results/recon_mamba2_20260524_062734/spectra.pt
mamba2,state,26,0.9717068292633683,7372800,/home/joshuaz/sssm-states/reconstruction_experiments/results/recon_mamba2_20260524_062734/spectra.pt
mamba2,state,27,0.9736540229135157,7372800,/home/joshuaz/sssm-states/reconstruction_experiments/results/recon_mamba2_20260524_062734/spectra.pt
mamba2,state,28,0.9754655323223795,7372800,/home/joshuaz/sssm-states/reconstruction_experiments/results/recon_mamba2_20260524_062734/spectra.pt
mamba2,state,29,0.9771535683143132,7372800,/home/joshuaz/sssm-states/reconstruction_experiments/results/recon_mamba2_20260524_062734/spectra.pt
mamba2,state,30,0.9787289282809147,7372800,/home/joshuaz/sssm-states/reconstruction_experiments/results/recon_mamba2_20260524_062734/spectra.pt
mamba2,state,31,0.98020102077953,7372800,/home/joshuaz/sssm-states/reconstruction_experiments/results/recon_mamba2_20260524_062734/spectra.pt
mamba2,state,32,0.9815783243557956,7372800,/home/joshuaz/sssm-states/reconstruction_experiments/results/recon_mamba2_20260524_062734/spectra.pt
mamba2,state,33,0.9828683879863112,7372800,/home/joshuaz/sssm-states/reconstruction_experiments/results/recon_mamba2_20260524_062734/spectra.pt
mamba2,state,34,0.9840779431627164,7372800,/home/joshuaz/sssm-states/reconstruction_experiments/results/recon_mamba2_20260524_062734/spectra.pt
mamba2,state,35,0.9852129794654836,7372800,/home/joshuaz/sssm-states/reconstruction_experiments/results/recon_mamba2_20260524_062734/spectra.pt
mamba2,state,36,0.9862789048073612,7372800,/home/joshuaz/sssm-states/reconstruction_experiments/results/recon_mamba2_20260524_062734/spectra.pt
mamba2,state,37,0.9872805859959576,7372800,/home/joshuaz/sssm-states/reconstruction_experiments/results/recon_mamba2_20260524_062734/spectra.pt
mamba2,state,38,0.988222449545647,7372800,/home/joshuaz/sssm-states/reconstruction_experiments/results/recon_mamba2_20260524_062734/spectra.pt
mamba2,state,39,0.9891085069705083,7372800,/home/joshuaz/sssm-states/reconstruction_experiments/results/recon_mamba2_20260524_062734/spectra.pt
mamba2,state,40,0.9899424300193265,7372800,/home/joshuaz/sssm-states/reconstruction_experiments/results/recon_mamba2_20260524_062734/spectra.pt
mamba2,state,41,0.990727544864523,7372800,/home/joshuaz/sssm-states/reconstruction_experiments/results/recon_mamba2_20260524_062734/spectra.pt
mamba2,state,42,0.9914669398336508,7372800,/home/joshuaz/sssm-states/reconstruction_experiments/results/recon_mamba2_20260524_062734/spectra.pt
mamba2,state,43,0.9921633944370128,7372800,/home/joshuaz/sssm-states/reconstruction_experiments/results/recon_mamba2_20260524_062734/spectra.pt
mamba2,state,44,0.9928194935988742,7372800,/home/joshuaz/sssm-states/reconstruction_experiments/results/recon_mamba2_20260524_062734/spectra.pt
mamba2,state,45,0.9934376211152088,7372800,/home/joshuaz/sssm-states/reconstruction_experiments/results/recon_mamba2_20260524_062734/spectra.pt
mamba2,state,46,0.9940199112102479,7372800,/home/joshuaz/sssm-states/reconstruction_experiments/results/recon_mamba2_20260524_062734/spectra.pt
mamba2,state,47,0.9945683827180648,7372800,/home/joshuaz/sssm-states/reconstruction_experiments/results/recon_mamba2_20260524_062734/spectra.pt
mamba2,state,48,0.9950848898499118,7372800,/home/joshuaz/sssm-states/reconstruction_experiments/results/recon_mamba2_20260524_062734/spectra.pt
mamba2,state,49,0.9955711147366992,7372800,/home/joshuaz/sssm-states/reconstruction_experiments/results/recon_mamba2_20260524_062734/spectra.pt
mamba2,state,50,0.996028588495159,7372800,/home/joshuaz/sssm-states/reconstruction_experiments/results/recon_mamba2_20260524_062734/spectra.pt
mamba2,state,51,0.9964587444963314,7372800,/home/joshuaz/sssm-states/reconstruction_experiments/results/recon_mamba2_20260524_062734/spectra.pt
mamba2,state,52,0.9968628952350483,7372800,/home/joshuaz/sssm-states/reconstruction_experiments/results/recon_mamba2_20260524_062734/spectra.pt
mamba2,state,53,0.997242265418252,7372800,/home/joshuaz/sssm-states/reconstruction_experiments/results/recon_mamba2_20260524_062734/spectra.pt
mamba2,state,54,0.9975979550486477,7372800,/home/joshuaz/sssm-states/reconstruction_experiments/results/recon_mamba2_20260524_062734/spectra.pt
mamba2,state,55,0.997930956277566,7372800,/home/joshuaz/sssm-states/reconstruction_experiments/results/recon_mamba2_20260524_062734/spectra.pt
mamba2,state,56,0.9982421599381202,7372800,/home/joshuaz/sssm-states/reconstruction_experiments/results/recon_mamba2_20260524_062734/spectra.pt
mamba2,state,57,0.9985323634471969,7372800,/home/joshuaz/sssm-states/reconstruction_experiments/results/recon_mamba2_20260524_062734/spectra.pt
mamba2,state,58,0.998802249148681,7372800,/home/joshuaz/sssm-states/reconstruction_experiments/results/recon_mamba2_20260524_062734/spectra.pt
mamba2,state,59,0.9990523628626037,7372800,/home/joshuaz/sssm-states/reconstruction_experiments/results/recon_mamba2_20260524_062734/spectra.pt
mamba2,state,60,0.9992830880386363,7372800,/home/joshuaz/sssm-states/reconstruction_experiments/results/recon_mamba2_20260524_062734/spectra.pt
mamba2,state,61,0.9994945549202646,7372800,/home/joshuaz/sssm-states/reconstruction_experiments/results/recon_mamba2_20260524_062734/spectra.pt
mamba2,state,62,0.9996864808018565,7372800,/home/joshuaz/sssm-states/reconstruction_experiments/results/recon_mamba2_20260524_062734/spectra.pt
mamba2,state,63,0.9998576692321598,7372800,/home/joshuaz/sssm-states/reconstruction_experiments/results/recon_mamba2_20260524_062734/spectra.pt
mamba2,state,64,1.0,7372800,/home/joshuaz/sssm-states/reconstruction_experiments/results/recon_mamba2_20260524_062734/spectra.pt
mamba2,random,1,0.028010547267551825,7372800,/home/joshuaz/sssm-states/reconstruction_experiments/results/recon_mamba2_20260524_062734/spectra.pt
mamba2,random,2,0.05510262944368499,7372800,/home/joshuaz/sssm-states/reconstruction_experiments/results/recon_mamba2_20260524_062734/spectra.pt
mamba2,random,3,0.08149340400678153,7372800,/home/joshuaz/sssm-states/reconstruction_experiments/results/recon_mamba2_20260524_062734/spectra.pt
mamba2,random,4,0.10727799058393392,7372800,/home/joshuaz/sssm-states/reconstruction_experiments/results/recon_mamba2_20260524_062734/spectra.pt
mamba2,random,5,0.13251357391127336,7372800,/home/joshuaz/sssm-states/reconstruction_experiments/results/recon_mamba2_20260524_062734/spectra.pt
mamba2,random,6,0.15723960401149678,7372800,/home/joshuaz/sssm-states/reconstruction_experiments/results/recon_mamba2_20260524_062734/spectra.pt
mamba2,random,7,0.18148528999150348,7372800,/home/joshuaz/sssm-states/reconstruction_experiments/results/recon_mamba2_20260524_062734/spectra.pt
mamba2,random,8,0.20527385495144065,7372800,/home/joshuaz/sssm-states/reconstruction_experiments/results/recon_mamba2_20260524_062734/spectra.pt
mamba2,random,9,0.22862401377689007,7372800,/home/joshuaz/sssm-states/reconstruction_experiments/results/recon_mamba2_20260524_062734/spectra.pt
mamba2,random,10,0.25155157849903054,7372800,/home/joshuaz/sssm-states/reconstruction_experiments/results/recon_mamba2_20260524_062734/spectra.pt
mamba2,random,11,0.2740699904560466,7372800,/home/joshuaz/sssm-states/reconstruction_experiments/results/recon_mamba2_20260524_062734/spectra.pt
mamba2,random,12,0.2961907959859291,7372800,/home/joshuaz/sssm-states/reconstruction_experiments/results/recon_mamba2_20260524_062734/spectra.pt
mamba2,random,13,0.3179240105996473,7372800,/home/joshuaz/sssm-states/reconstruction_experiments/results/recon_mamba2_20260524_062734/spectra.pt
mamba2,random,14,0.3392786861547672,7372800,/home/joshuaz/sssm-states/reconstruction_experiments/results/recon_mamba2_20260524_062734/spectra.pt
mamba2,random,15,0.3602628042851948,7372800,/home/joshuaz/sssm-states/reconstruction_experiments/results/recon_mamba2_20260524_062734/spectra.pt
mamba2,random,16,0.380883440112213,7372800,/home/joshuaz/sssm-states/reconstruction_experiments/results/recon_mamba2_20260524_062734/spectra.pt
mamba2,random,17,0.40114713495142307,7372800,/home/joshuaz/sssm-states/reconstruction_experiments/results/recon_mamba2_20260524_062734/spectra.pt
mamba2,random,18,0.4210598750325276,7372800,/home/joshuaz/sssm-states/reconstruction_experiments/results/recon_mamba2_20260524_062734/spectra.pt
mamba2,random,19,0.44062690784526537,7372800,/home/joshuaz/sssm-states/reconstruction_experiments/results/recon_mamba2_20260524_062734/spectra.pt
mamba2,random,20,0.4598532589729143,7372800,/home/joshuaz/sssm-states/reconstruction_experiments/results/recon_mamba2_20260524_062734/spectra.pt
mamba2,random,21,0.4787434017642936,7372800,/home/joshuaz/sssm-states/reconstruction_experiments/results/recon_mamba2_20260524_062734/spectra.pt
mamba2,random,22,0.4973015502209718,7372800,/home/joshuaz/sssm-states/reconstruction_experiments/results/recon_mamba2_20260524_062734/spectra.pt
mamba2,random,23,0.5155315578897621,7372800,/home/joshuaz/sssm-states/reconstruction_experiments/results/recon_mamba2_20260524_062734/spectra.pt
mamba2,random,24,0.5334369773003472,7372800,/home/joshuaz/sssm-states/reconstruction_experiments/results/recon_mamba2_20260524_062734/spectra.pt
mamba2,random,25,0.5510211015873829,7372800,/home/joshuaz/sssm-states/reconstruction_experiments/results/recon_mamba2_20260524_062734/spectra.pt
mamba2,random,26,0.5682870624764844,7372800,/home/joshuaz/sssm-states/reconstruction_experiments/results/recon_mamba2_20260524_062734/spectra.pt
mamba2,random,27,0.585237606442432,7372800,/home/joshuaz/sssm-states/reconstruction_experiments/results/recon_mamba2_20260524_062734/spectra.pt
mamba2,random,28,0.6018754876512424,7372800,/home/joshuaz/sssm-states/reconstruction_experiments/results/recon_mamba2_20260524_062734/spectra.pt
mamba2,random,29,0.6182029948873827,7372800,/home/joshuaz/sssm-states/reconstruction_experiments/results/recon_mamba2_20260524_062734/spectra.pt
mamba2,random,30,0.6342225968128368,7372800,/home/joshuaz/sssm-states/reconstruction_experiments/results/recon_mamba2_20260524_062734/spectra.pt
mamba2,random,31,0.6499361276582534,7372800,/home/joshuaz/sssm-states/reconstruction_experiments/results/recon_mamba2_20260524_062734/spectra.pt
mamba2,random,32,0.6653457239212748,7372800,/home/joshuaz/sssm-states/reconstruction_experiments/results/recon_mamba2_20260524_062734/spectra.pt
mamba2,random,33,0.6804530891491057,7372800,/home/joshuaz/sssm-states/reconstruction_experiments/results/recon_mamba2_20260524_062734/spectra.pt
mamba2,random,34,0.6952597951771533,7372800,/home/joshuaz/sssm-states/reconstruction_experiments/results/recon_mamba2_20260524_062734/spectra.pt
mamba2,random,35,0.7097673802787773,7372800,/home/joshuaz/sssm-states/reconstruction_experiments/results/recon_mamba2_20260524_062734/spectra.pt
mamba2,random,36,0.7239770936120965,7372800,/home/joshuaz/sssm-states/reconstruction_experiments/results/recon_mamba2_20260524_062734/spectra.pt
mamba2,random,37,0.7378903289472877,7372800,/home/joshuaz/sssm-states/reconstruction_experiments/results/recon_mamba2_20260524_062734/spectra.pt
mamba2,random,38,0.7515079753870806,7372800,/home/joshuaz/sssm-states/reconstruction_experiments/results/recon_mamba2_20260524_062734/spectra.pt
mamba2,random,39,0.7648309909415252,7372800,/home/joshuaz/sssm-states/reconstruction_experiments/results/recon_mamba2_20260524_062734/spectra.pt
mamba2,random,40,0.7778601542099514,7372800,/home/joshuaz/sssm-states/reconstruction_experiments/results/recon_mamba2_20260524_062734/spectra.pt
mamba2,random,41,0.7905961311135048,7372800,/home/joshuaz/sssm-states/reconstruction_experiments/results/recon_mamba2_20260524_062734/spectra.pt
mamba2,random,42,0.8030394032663131,7372800,/home/joshuaz/sssm-states/reconstruction_experiments/results/recon_mamba2_20260524_062734/spectra.pt
mamba2,random,43,0.815190170437151,7372800,/home/joshuaz/sssm-states/reconstruction_experiments/results/recon_mamba2_20260524_062734/spectra.pt
mamba2,random,44,0.8270487546030766,7372800,/home/joshuaz/sssm-states/reconstruction_experiments/results/recon_mamba2_20260524_062734/spectra.pt
mamba2,random,45,0.8386151363564478,7372800,/home/joshuaz/sssm-states/reconstruction_experiments/results/recon_mamba2_20260524_062734/spectra.pt
mamba2,random,46,0.8498891862422003,7372800,/home/joshuaz/sssm-states/reconstruction_experiments/results/recon_mamba2_20260524_062734/spectra.pt
mamba2,random,47,0.8608705145851062,7372800,/home/joshuaz/sssm-states/reconstruction_experiments/results/recon_mamba2_20260524_062734/spectra.pt
mamba2,random,48,0.8715585334810967,7372800,/home/joshuaz/sssm-states/reconstruction_experiments/results/recon_mamba2_20260524_062734/spectra.pt
mamba2,random,49,0.881952125994115,7372800,/home/joshuaz/sssm-states/reconstruction_experiments/results/recon_mamba2_20260524_062734/spectra.pt
mamba2,random,50,0.8920504265618746,7372800,/home/joshuaz/sssm-states/reconstruction_experiments/results/recon_mamba2_20260524_062734/spectra.pt
mamba2,random,51,0.9018517524184562,7372800,/home/joshuaz/sssm-states/reconstruction_experiments/results/recon_mamba2_20260524_062734/spectra.pt
mamba2,random,52,0.9113543809531659,7372800,/home/joshuaz/sssm-states/reconstruction_experiments/results/recon_mamba2_20260524_062734/spectra.pt
mamba2,random,53,0.9205560703879554,7372800,/home/joshuaz/sssm-states/reconstruction_experiments/results/recon_mamba2_20260524_062734/spectra.pt
mamba2,random,54,0.9294539800424038,7372800,/home/joshuaz/sssm-states/reconstruction_experiments/results/recon_mamba2_20260524_062734/spectra.pt
mamba2,random,55,0.9380443081430593,7372800,/home/joshuaz/sssm-states/reconstruction_experiments/results/recon_mamba2_20260524_062734/spectra.pt
mamba2,random,56,0.9463229719177334,7372800,/home/joshuaz/sssm-states/reconstruction_experiments/results/recon_mamba2_20260524_062734/spectra.pt
mamba2,random,57,0.9542843263877133,7372800,/home/joshuaz/sssm-states/reconstruction_experiments/results/recon_mamba2_20260524_062734/spectra.pt
mamba2,random,58,0.9619216220006798,7372800,/home/joshuaz/sssm-states/reconstruction_experiments/results/recon_mamba2_20260524_062734/spectra.pt
mamba2,random,59,0.9692258282754233,7372800,/home/joshuaz/sssm-states/reconstruction_experiments/results/recon_mamba2_20260524_062734/spectra.pt
mamba2,random,60,0.9761848173213258,7372800,/home/joshuaz/sssm-states/reconstruction_experiments/results/recon_mamba2_20260524_062734/spectra.pt
mamba2,random,61,0.9827815373091184,7372800,/home/joshuaz/sssm-states/reconstruction_experiments/results/recon_mamba2_20260524_062734/spectra.pt
mamba2,random,62,0.9889901554711935,7372800,/home/joshuaz/sssm-states/reconstruction_experiments/results/recon_mamba2_20260524_062734/spectra.pt
mamba2,random,63,0.9947654619626273,7372800,/home/joshuaz/sssm-states/reconstruction_experiments/results/recon_mamba2_20260524_062734/spectra.pt
mamba2,random,64,1.0,7372800,/home/joshuaz/sssm-states/reconstruction_experiments/results/recon_mamba2_20260524_062734/spectra.pt
nemotron,state,1,0.7368028284125506,4838400,/home/joshuaz/sssm-states/reconstruction_experiments/results/recon_nemotron_20260524_091406/spectra.pt
nemotron,state,2,0.8066924810660642,4838400,/home/joshuaz/sssm-states/reconstruction_experiments/results/recon_nemotron_20260524_091406/spectra.pt
nemotron,state,3,0.8424704751669402,4838400,/home/joshuaz/sssm-states/reconstruction_experiments/results/recon_nemotron_20260524_091406/spectra.pt
nemotron,state,4,0.8660486704623397,4838400,/home/joshuaz/sssm-states/reconstruction_experiments/results/recon_nemotron_20260524_091406/spectra.pt
nemotron,state,5,0.883245015785448,4838400,/home/joshuaz/sssm-states/reconstruction_experiments/results/recon_nemotron_20260524_091406/spectra.pt
nemotron,state,6,0.8965401982354078,4838400,/home/joshuaz/sssm-states/reconstruction_experiments/results/recon_nemotron_20260524_091406/spectra.pt
nemotron,state,7,0.9072246606041623,4838400,/home/joshuaz/sssm-states/reconstruction_experiments/results/recon_nemotron_20260524_091406/spectra.pt
nemotron,state,8,0.9160514859909098,4838400,/home/joshuaz/sssm-states/reconstruction_experiments/results/recon_nemotron_20260524_091406/spectra.pt
nemotron,state,9,0.9234977427547771,4838400,/home/joshuaz/sssm-states/reconstruction_experiments/results/recon_nemotron_20260524_091406/spectra.pt
nemotron,state,10,0.9298846530375123,4838400,/home/joshuaz/sssm-states/reconstruction_experiments/results/recon_nemotron_20260524_091406/spectra.pt
nemotron,state,11,0.9354380234423368,4838400,/home/joshuaz/sssm-states/reconstruction_experiments/results/recon_nemotron_20260524_091406/spectra.pt
nemotron,state,12,0.9403199115680982,4838400,/home/joshuaz/sssm-states/reconstruction_experiments/results/recon_nemotron_20260524_091406/spectra.pt
nemotron,state,13,0.9446521768130107,4838400,/home/joshuaz/sssm-states/reconstruction_experiments/results/recon_nemotron_20260524_091406/spectra.pt
nemotron,state,14,0.9485269201574906,4838400,/home/joshuaz/sssm-states/reconstruction_experiments/results/recon_nemotron_20260524_091406/spectra.pt
nemotron,state,15,0.9520159402475934,4838400,/home/joshuaz/sssm-states/reconstruction_experiments/results/recon_nemotron_20260524_091406/spectra.pt
nemotron,state,16,0.9551764445155438,4838400,/home/joshuaz/sssm-states/reconstruction_experiments/results/recon_nemotron_20260524_091406/spectra.pt
nemotron,state,17,0.9580543296318519,4838400,/home/joshuaz/sssm-states/reconstruction_experiments/results/recon_nemotron_20260524_091406/spectra.pt
nemotron,state,18,0.9606867402419529,4838400,/home/joshuaz/sssm-states/reconstruction_experiments/results/recon_nemotron_20260524_091406/spectra.pt
nemotron,state,19,0.9631042868478367,4838400,/home/joshuaz/sssm-states/reconstruction_experiments/results/recon_nemotron_20260524_091406/spectra.pt
nemotron,state,20,0.9653327423454234,4838400,/home/joshuaz/sssm-states/reconstruction_experiments/results/recon_nemotron_20260524_091406/spectra.pt
nemotron,state,21,0.9673934578037438,4838400,/home/joshuaz/sssm-states/reconstruction_experiments/results/recon_nemotron_20260524_091406/spectra.pt
nemotron,state,22,0.9693044681605066,4838400,/home/joshuaz/sssm-states/reconstruction_experiments/results/recon_nemotron_20260524_091406/spectra.pt
nemotron,state,23,0.9710812853498926,4838400,/home/joshuaz/sssm-states/reconstruction_experiments/results/recon_nemotron_20260524_091406/spectra.pt
nemotron,state,24,0.9727371652375394,4838400,/home/joshuaz/sssm-states/reconstruction_experiments/results/recon_nemotron_20260524_091406/spectra.pt
nemotron,state,25,0.9742836358010893,4838400,/home/joshuaz/sssm-states/reconstruction_experiments/results/recon_nemotron_20260524_091406/spectra.pt
nemotron,state,26,0.9757307744289367,4838400,/home/joshuaz/sssm-states/reconstruction_experiments/results/recon_nemotron_20260524_091406/spectra.pt
nemotron,state,27,0.9770872838596424,4838400,/home/joshuaz/sssm-states/reconstruction_experiments/results/recon_nemotron_20260524_091406/spectra.pt
nemotron,state,28,0.9783609303028986,4838400,/home/joshuaz/sssm-states/reconstruction_experiments/results/recon_nemotron_20260524_091406/spectra.pt
nemotron,state,29,0.9795585457089347,4838400,/home/joshuaz/sssm-states/reconstruction_experiments/results/recon_nemotron_20260524_091406/spectra.pt
nemotron,state,30,0.9806862017748026,4838400,/home/joshuaz/sssm-states/reconstruction_experiments/results/recon_nemotron_20260524_091406/spectra.pt
nemotron,state,31,0.9817493156814799,4838400,/home/joshuaz/sssm-states/reconstruction_experiments/results/recon_nemotron_20260524_091406/spectra.pt
nemotron,state,32,0.9827526961996453,4838400,/home/joshuaz/sssm-states/reconstruction_experiments/results/recon_nemotron_20260524_091406/spectra.pt
nemotron,state,33,0.9837007539204589,4838400,/home/joshuaz/sssm-states/reconstruction_experiments/results/recon_nemotron_20260524_091406/spectra.pt
nemotron,state,34,0.984597347313631,4838400,/home/joshuaz/sssm-states/reconstruction_experiments/results/recon_nemotron_20260524_091406/spectra.pt
nemotron,state,35,0.9854460394345502,4838400,/home/joshuaz/sssm-states/reconstruction_experiments/results/recon_nemotron_20260524_091406/spectra.pt
nemotron,state,36,0.9862500830089247,4838400,/home/joshuaz/sssm-states/reconstruction_experiments/results/recon_nemotron_20260524_091406/spectra.pt
nemotron,state,37,0.9870123519123836,4838400,/home/joshuaz/sssm-states/reconstruction_experiments/results/recon_nemotron_20260524_091406/spectra.pt
nemotron,state,38,0.9877355549677623,4838400,/home/joshuaz/sssm-states/reconstruction_experiments/results/recon_nemotron_20260524_091406/spectra.pt
nemotron,state,39,0.9884220923176883,4838400,/home/joshuaz/sssm-states/reconstruction_experiments/results/recon_nemotron_20260524_091406/spectra.pt
nemotron,state,40,0.9890742242931697,4838400,/home/joshuaz/sssm-states/reconstruction_experiments/results/recon_nemotron_20260524_091406/spectra.pt
nemotron,state,41,0.9896939780423244,4838400,/home/joshuaz/sssm-states/reconstruction_experiments/results/recon_nemotron_20260524_091406/spectra.pt
nemotron,state,42,0.9902832294643267,4838400,/home/joshuaz/sssm-states/reconstruction_experiments/results/recon_nemotron_20260524_091406/spectra.pt
nemotron,state,43,0.9908437475744434,4838400,/home/joshuaz/sssm-states/reconstruction_experiments/results/recon_nemotron_20260524_091406/spectra.pt
nemotron,state,44,0.9913771139151993,4838400,/home/joshuaz/sssm-states/reconstruction_experiments/results/recon_nemotron_20260524_091406/spectra.pt
nemotron,state,45,0.991884813747546,4838400,/home/joshuaz/sssm-states/reconstruction_experiments/results/recon_nemotron_20260524_091406/spectra.pt
nemotron,state,46,0.9923682041977505,4838400,/home/joshuaz/sssm-states/reconstruction_experiments/results/recon_nemotron_20260524_091406/spectra.pt
nemotron,state,47,0.9928285609807361,4838400,/home/joshuaz/sssm-states/reconstruction_experiments/results/recon_nemotron_20260524_091406/spectra.pt
nemotron,state,48,0.9932670730409566,4838400,/home/joshuaz/sssm-states/reconstruction_experiments/results/recon_nemotron_20260524_091406/spectra.pt
nemotron,state,49,0.9936848352832411,4838400,/home/joshuaz/sssm-states/reconstruction_experiments/results/recon_nemotron_20260524_091406/spectra.pt
nemotron,state,50,0.9940828768889317,4838400,/home/joshuaz/sssm-states/reconstruction_experiments/results/recon_nemotron_20260524_091406/spectra.pt
nemotron,state,51,0.9944621599411395,4838400,/home/joshuaz/sssm-states/reconstruction_experiments/results/recon_nemotron_20260524_091406/spectra.pt
nemotron,state,52,0.994823583531191,4838400,/home/joshuaz/sssm-states/reconstruction_experiments/results/recon_nemotron_20260524_091406/spectra.pt
nemotron,state,53,0.9951679686810353,4838400,/home/joshuaz/sssm-states/reconstruction_experiments/results/recon_nemotron_20260524_091406/spectra.pt
nemotron,state,54,0.9954961041023913,4838400,/home/joshuaz/sssm-states/reconstruction_experiments/results/recon_nemotron_20260524_091406/spectra.pt
nemotron,state,55,0.9958087267625418,4838400,/home/joshuaz/sssm-states/reconstruction_experiments/results/recon_nemotron_20260524_091406/spectra.pt
nemotron,state,56,0.99610650919742,4838400,/home/joshuaz/sssm-states/reconstruction_experiments/results/recon_nemotron_20260524_091406/spectra.pt
nemotron,state,57,0.9963901055201456,4838400,/home/joshuaz/sssm-states/reconstruction_experiments/results/recon_nemotron_20260524_091406/spectra.pt
nemotron,state,58,0.9966601227272693,4838400,/home/joshuaz/sssm-states/reconstruction_experiments/results/recon_nemotron_20260524_091406/spectra.pt
nemotron,state,59,0.9969171318099406,4838400,/home/joshuaz/sssm-states/reconstruction_experiments/results/recon_nemotron_20260524_091406/spectra.pt
nemotron,state,60,0.9971616586757418,4838400,/home/joshuaz/sssm-states/reconstruction_experiments/results/recon_nemotron_20260524_091406/spectra.pt
nemotron,state,61,0.997394208370571,4838400,/home/joshuaz/sssm-states/reconstruction_experiments/results/recon_nemotron_20260524_091406/spectra.pt
nemotron,state,62,0.9976152515021399,4838400,/home/joshuaz/sssm-states/reconstruction_experiments/results/recon_nemotron_20260524_091406/spectra.pt
nemotron,state,63,0.9978252267780793,4838400,/home/joshuaz/sssm-states/reconstruction_experiments/results/recon_nemotron_20260524_091406/spectra.pt
nemotron,state,64,0.9980245503266092,4838400,/home/joshuaz/sssm-states/reconstruction_experiments/results/recon_nemotron_20260524_091406/spectra.pt
nemotron,state,65,0.9982136166259173,4838400,/home/joshuaz/sssm-states/reconstruction_experiments/results/recon_nemotron_20260524_091406/spectra.pt
nemotron,state,66,0.998392786312791,4838400,/home/joshuaz/sssm-states/reconstruction_experiments/results/recon_nemotron_20260524_091406/spectra.pt
nemotron,state,67,0.9985623990013005,4838400,/home/joshuaz/sssm-states/reconstruction_experiments/results/recon_nemotron_20260524_091406/spectra.pt
nemotron,state,68,0.9987227734468731,4838400,/home/joshuaz/sssm-states/reconstruction_experiments/results/recon_nemotron_20260524_091406/spectra.pt
nemotron,state,69,0.9988742011017857,4838400,/home/joshuaz/sssm-states/reconstruction_experiments/results/recon_nemotron_20260524_091406/spectra.pt
nemotron,state,70,0.999016948336155,4838400,/home/joshuaz/sssm-states/reconstruction_experiments/results/recon_nemotron_20260524_091406/spectra.pt
nemotron,state,71,0.9991512719747012,4838400,/home/joshuaz/sssm-states/reconstruction_experiments/results/recon_nemotron_20260524_091406/spectra.pt
nemotron,state,72,0.9992773811599677,4838400,/home/joshuaz/sssm-states/reconstruction_experiments/results/recon_nemotron_20260524_091406/spectra.pt
nemotron,state,73,0.9993954659962653,4838400,/home/joshuaz/sssm-states/reconstruction_experiments/results/recon_nemotron_20260524_091406/spectra.pt
nemotron,state,74,0.9995056867861389,4838400,/home/joshuaz/sssm-states/reconstruction_experiments/results/recon_nemotron_20260524_091406/spectra.pt
nemotron,state,75,0.9996081496001085,4838400,/home/joshuaz/sssm-states/reconstruction_experiments/results/recon_nemotron_20260524_091406/spectra.pt
nemotron,state,76,0.9997029070864177,4838400,/home/joshuaz/sssm-states/reconstruction_experiments/results/recon_nemotron_20260524_091406/spectra.pt
nemotron,state,77,0.9997899251698749,4838400,/home/joshuaz/sssm-states/reconstruction_experiments/results/recon_nemotron_20260524_091406/spectra.pt
nemotron,state,78,0.9998690053600237,4838400,/home/joshuaz/sssm-states/reconstruction_experiments/results/recon_nemotron_20260524_091406/spectra.pt
nemotron,state,79,0.9999396300129001,4838400,/home/joshuaz/sssm-states/reconstruction_experiments/results/recon_nemotron_20260524_091406/spectra.pt
nemotron,state,80,1.0,4838400,/home/joshuaz/sssm-states/reconstruction_experiments/results/recon_nemotron_20260524_091406/spectra.pt
nemotron,random,1,0.02402400351771622,4838400,/home/joshuaz/sssm-states/reconstruction_experiments/results/recon_nemotron_20260524_091406/spectra.pt
nemotron,random,2,0.047315054095529045,4838400,/home/joshuaz/sssm-states/reconstruction_experiments/results/recon_nemotron_20260524_091406/spectra.pt
nemotron,random,3,0.07004674417473834,4838400,/home/joshuaz/sssm-states/reconstruction_experiments/results/recon_nemotron_20260524_091406/spectra.pt
nemotron,random,4,0.0922952073488899,4838400,/home/joshuaz/sssm-states/reconstruction_experiments/results/recon_nemotron_20260524_091406/spectra.pt
nemotron,random,5,0.11410625765563752,4838400,/home/joshuaz/sssm-states/reconstruction_experiments/results/recon_nemotron_20260524_091406/spectra.pt
nemotron,random,6,0.13551174731145155,4838400,/home/joshuaz/sssm-states/reconstruction_experiments/results/recon_nemotron_20260524_091406/spectra.pt
nemotron,random,7,0.1565353711703122,4838400,/home/joshuaz/sssm-states/reconstruction_experiments/results/recon_nemotron_20260524_091406/spectra.pt
nemotron,random,8,0.17719575997110257,4838400,/home/joshuaz/sssm-states/reconstruction_experiments/results/recon_nemotron_20260524_091406/spectra.pt
nemotron,random,9,0.19750806425406997,4838400,/home/joshuaz/sssm-states/reconstruction_experiments/results/recon_nemotron_20260524_091406/spectra.pt
nemotron,random,10,0.21748483808824126,4838400,/home/joshuaz/sssm-states/reconstruction_experiments/results/recon_nemotron_20260524_091406/spectra.pt
nemotron,random,11,0.2371370944496854,4838400,/home/joshuaz/sssm-states/reconstruction_experiments/results/recon_nemotron_20260524_091406/spectra.pt
nemotron,random,12,0.25647422853055174,4838400,/home/joshuaz/sssm-states/reconstruction_experiments/results/recon_nemotron_20260524_091406/spectra.pt
nemotron,random,13,0.2755045142091478,4838400,/home/joshuaz/sssm-states/reconstruction_experiments/results/recon_nemotron_20260524_091406/spectra.pt
nemotron,random,14,0.29423520191172003,4838400,/home/joshuaz/sssm-states/reconstruction_experiments/results/recon_nemotron_20260524_091406/spectra.pt
nemotron,random,15,0.31267280789289464,4838400,/home/joshuaz/sssm-states/reconstruction_experiments/results/recon_nemotron_20260524_091406/spectra.pt
nemotron,random,16,0.33082335154247167,4838400,/home/joshuaz/sssm-states/reconstruction_experiments/results/recon_nemotron_20260524_091406/spectra.pt
nemotron,random,17,0.3486921550240763,4838400,/home/joshuaz/sssm-states/reconstruction_experiments/results/recon_nemotron_20260524_091406/spectra.pt
nemotron,random,18,0.36628404873601966,4838400,/home/joshuaz/sssm-states/reconstruction_experiments/results/recon_nemotron_20260524_091406/spectra.pt
nemotron,random,19,0.3836035378693538,4838400,/home/joshuaz/sssm-states/reconstruction_experiments/results/recon_nemotron_20260524_091406/spectra.pt
nemotron,random,20,0.4006547199663653,4838400,/home/joshuaz/sssm-states/reconstruction_experiments/results/recon_nemotron_20260524_091406/spectra.pt
nemotron,random,21,0.4174415256161112,4838400,/home/joshuaz/sssm-states/reconstruction_experiments/results/recon_nemotron_20260524_091406/spectra.pt
nemotron,random,22,0.433967525110377,4838400,/home/joshuaz/sssm-states/reconstruction_experiments/results/recon_nemotron_20260524_091406/spectra.pt
nemotron,random,23,0.4502359200764129,4838400,/home/joshuaz/sssm-states/reconstruction_experiments/results/recon_nemotron_20260524_091406/spectra.pt
nemotron,random,24,0.46624984217013365,4838400,/home/joshuaz/sssm-states/reconstruction_experiments/results/recon_nemotron_20260524_091406/spectra.pt
nemotron,random,25,0.4820121778759338,4838400,/home/joshuaz/sssm-states/reconstruction_experiments/results/recon_nemotron_20260524_091406/spectra.pt
nemotron,random,26,0.49752561717910015,4838400,/home/joshuaz/sssm-states/reconstruction_experiments/results/recon_nemotron_20260524_091406/spectra.pt
nemotron,random,27,0.5127925887231186,4838400,/home/joshuaz/sssm-states/reconstruction_experiments/results/recon_nemotron_20260524_091406/spectra.pt
nemotron,random,28,0.5278155117484413,4838400,/home/joshuaz/sssm-states/reconstruction_experiments/results/recon_nemotron_20260524_091406/spectra.pt
nemotron,random,29,0.5425965906399003,4838400,/home/joshuaz/sssm-states/reconstruction_experiments/results/recon_nemotron_20260524_091406/spectra.pt
nemotron,random,30,0.5571378393784086,4838400,/home/joshuaz/sssm-states/reconstruction_experiments/results/recon_nemotron_20260524_091406/spectra.pt
nemotron,random,31,0.5714414443497902,4838400,/home/joshuaz/sssm-states/reconstruction_experiments/results/recon_nemotron_20260524_091406/spectra.pt
nemotron,random,32,0.5855091836322082,4838400,/home/joshuaz/sssm-states/reconstruction_experiments/results/recon_nemotron_20260524_091406/spectra.pt
nemotron,random,33,0.5993429148836278,4838400,/home/joshuaz/sssm-states/reconstruction_experiments/results/recon_nemotron_20260524_091406/spectra.pt
nemotron,random,34,0.6129441024321152,4838400,/home/joshuaz/sssm-states/reconstruction_experiments/results/recon_nemotron_20260524_091406/spectra.pt
nemotron,random,35,0.6263144292767029,4838400,/home/joshuaz/sssm-states/reconstruction_experiments/results/recon_nemotron_20260524_091406/spectra.pt
nemotron,random,36,0.6394554458092452,4838400,/home/joshuaz/sssm-states/reconstruction_experiments/results/recon_nemotron_20260524_091406/spectra.pt
nemotron,random,37,0.6523686098062755,4838400,/home/joshuaz/sssm-states/reconstruction_experiments/results/recon_nemotron_20260524_091406/spectra.pt
nemotron,random,38,0.6650551290984872,4838400,/home/joshuaz/sssm-states/reconstruction_experiments/results/recon_nemotron_20260524_091406/spectra.pt
nemotron,random,39,0.677516416461619,4838400,/home/joshuaz/sssm-states/reconstruction_experiments/results/recon_nemotron_20260524_091406/spectra.pt
nemotron,random,40,0.689753532799822,4838400,/home/joshuaz/sssm-states/reconstruction_experiments/results/recon_nemotron_20260524_091406/spectra.pt
nemotron,random,41,0.7017677717364951,4838400,/home/joshuaz/sssm-states/reconstruction_experiments/results/recon_nemotron_20260524_091406/spectra.pt
nemotron,random,42,0.7135599515898418,4838400,/home/joshuaz/sssm-states/reconstruction_experiments/results/recon_nemotron_20260524_091406/spectra.pt
nemotron,random,43,0.7251311968935604,4838400,/home/joshuaz/sssm-states/reconstruction_experiments/results/recon_nemotron_20260524_091406/spectra.pt
nemotron,random,44,0.7364824657443858,4838400,/home/joshuaz/sssm-states/reconstruction_experiments/results/recon_nemotron_20260524_091406/spectra.pt
nemotron,random,45,0.7476146593414107,4838400,/home/joshuaz/sssm-states/reconstruction_experiments/results/recon_nemotron_20260524_091406/spectra.pt
nemotron,random,46,0.7585285522481909,4838400,/home/joshuaz/sssm-states/reconstruction_experiments/results/recon_nemotron_20260524_091406/spectra.pt
nemotron,random,47,0.769224901772327,4838400,/home/joshuaz/sssm-states/reconstruction_experiments/results/recon_nemotron_20260524_091406/spectra.pt
nemotron,random,48,0.7797043587425694,4838400,/home/joshuaz/sssm-states/reconstruction_experiments/results/recon_nemotron_20260524_091406/spectra.pt
nemotron,random,49,0.7899676044628174,4838400,/home/joshuaz/sssm-states/reconstruction_experiments/results/recon_nemotron_20260524_091406/spectra.pt
nemotron,random,50,0.8000152076486456,4838400,/home/joshuaz/sssm-states/reconstruction_experiments/results/recon_nemotron_20260524_091406/spectra.pt
nemotron,random,51,0.8098477594351434,4838400,/home/joshuaz/sssm-states/reconstruction_experiments/results/recon_nemotron_20260524_091406/spectra.pt
nemotron,random,52,0.8194657139921617,4838400,/home/joshuaz/sssm-states/reconstruction_experiments/results/recon_nemotron_20260524_091406/spectra.pt
nemotron,random,53,0.8288695016402718,4838400,/home/joshuaz/sssm-states/reconstruction_experiments/results/recon_nemotron_20260524_091406/spectra.pt
nemotron,random,54,0.8380593368789735,4838400,/home/joshuaz/sssm-states/reconstruction_experiments/results/recon_nemotron_20260524_091406/spectra.pt
nemotron,random,55,0.8470355959755992,4838400,/home/joshuaz/sssm-states/reconstruction_experiments/results/recon_nemotron_20260524_091406/spectra.pt
nemotron,random,56,0.8557984173916465,4838400,/home/joshuaz/sssm-states/reconstruction_experiments/results/recon_nemotron_20260524_091406/spectra.pt
nemotron,random,57,0.8643480175425492,4838400,/home/joshuaz/sssm-states/reconstruction_experiments/results/recon_nemotron_20260524_091406/spectra.pt
nemotron,random,58,0.8726843657740686,4838400,/home/joshuaz/sssm-states/reconstruction_experiments/results/recon_nemotron_20260524_091406/spectra.pt
nemotron,random,59,0.8808075259086476,4838400,/home/joshuaz/sssm-states/reconstruction_experiments/results/recon_nemotron_20260524_091406/spectra.pt
nemotron,random,60,0.888717404227851,4838400,/home/joshuaz/sssm-states/reconstruction_experiments/results/recon_nemotron_20260524_091406/spectra.pt
nemotron,random,61,0.896413717160005,4838400,/home/joshuaz/sssm-states/reconstruction_experiments/results/recon_nemotron_20260524_091406/spectra.pt
nemotron,random,62,0.9038963511488649,4838400,/home/joshuaz/sssm-states/reconstruction_experiments/results/recon_nemotron_20260524_091406/spectra.pt
nemotron,random,63,0.9111647099674656,4838400,/home/joshuaz/sssm-states/reconstruction_experiments/results/recon_nemotron_20260524_091406/spectra.pt
nemotron,random,64,0.9182183776197672,4838400,/home/joshuaz/sssm-states/reconstruction_experiments/results/recon_nemotron_20260524_091406/spectra.pt
nemotron,random,65,0.9250564772723225,4838400,/home/joshuaz/sssm-states/reconstruction_experiments/results/recon_nemotron_20260524_091406/spectra.pt
nemotron,random,66,0.9316781852987789,4838400,/home/joshuaz/sssm-states/reconstruction_experiments/results/recon_nemotron_20260524_091406/spectra.pt
nemotron,random,67,0.9380823960713465,4838400,/home/joshuaz/sssm-states/reconstruction_experiments/results/recon_nemotron_20260524_091406/spectra.pt
nemotron,random,68,0.9442677339615737,4838400,/home/joshuaz/sssm-states/reconstruction_experiments/results/recon_nemotron_20260524_091406/spectra.pt
nemotron,random,69,0.9502327075880597,4838400,/home/joshuaz/sssm-states/reconstruction_experiments/results/recon_nemotron_20260524_091406/spectra.pt
nemotron,random,70,0.955975257528149,4838400,/home/joshuaz/sssm-states/reconstruction_experiments/results/recon_nemotron_20260524_091406/spectra.pt
nemotron,random,71,0.9614929799371948,4838400,/home/joshuaz/sssm-states/reconstruction_experiments/results/recon_nemotron_20260524_091406/spectra.pt
nemotron,random,72,0.9667829055919821,4838400,/home/joshuaz/sssm-states/reconstruction_experiments/results/recon_nemotron_20260524_091406/spectra.pt
nemotron,random,73,0.9718414229432407,4838400,/home/joshuaz/sssm-states/reconstruction_experiments/results/recon_nemotron_20260524_091406/spectra.pt
nemotron,random,74,0.9766637785893905,4838400,/home/joshuaz/sssm-states/reconstruction_experiments/results/recon_nemotron_20260524_091406/spectra.pt
nemotron,random,75,0.9812437973261982,4838400,/home/joshuaz/sssm-states/reconstruction_experiments/results/recon_nemotron_20260524_091406/spectra.pt
nemotron,random,76,0.9855733437045183,4838400,/home/joshuaz/sssm-states/reconstruction_experiments/results/recon_nemotron_20260524_091406/spectra.pt
nemotron,random,77,0.9896410356542757,4838400,/home/joshuaz/sssm-states/reconstruction_experiments/results/recon_nemotron_20260524_091406/spectra.pt
nemotron,random,78,0.9934291010767411,4838400,/home/joshuaz/sssm-states/reconstruction_experiments/results/recon_nemotron_20260524_091406/spectra.pt
nemotron,random,79,0.9969067469837005,4838400,/home/joshuaz/sssm-states/reconstruction_experiments/results/recon_nemotron_20260524_091406/spectra.pt
nemotron,random,80,1.0,4838400,/home/joshuaz/sssm-states/reconstruction_experiments/results/recon_nemotron_20260524_091406/spectra.pt
qwen35,state,1,0.4587742661057192,1843200,/home/joshuaz/sssm-states/reconstruction_experiments/results/recon_qwen35_20260524_051629/spectra.pt
qwen35,state,2,0.564074077465666,1843200,/home/joshuaz/sssm-states/reconstruction_experiments/results/recon_qwen35_20260524_051629/spectra.pt
qwen35,state,3,0.6272431003499623,1843200,/home/joshuaz/sssm-states/reconstruction_experiments/results/recon_qwen35_20260524_051629/spectra.pt
qwen35,state,4,0.6719416678355555,1843200,/home/joshuaz/sssm-states/reconstruction_experiments/results/recon_qwen35_20260524_051629/spectra.pt
qwen35,state,5,0.7062623162465356,1843200,/home/joshuaz/sssm-states/reconstruction_experiments/results/recon_qwen35_20260524_051629/spectra.pt
qwen35,state,6,0.7338870558724325,1843200,/home/joshuaz/sssm-states/reconstruction_experiments/results/recon_qwen35_20260524_051629/spectra.pt
qwen35,state,7,0.7568266672700439,1843200,/home/joshuaz/sssm-states/reconstruction_experiments/results/recon_qwen35_20260524_051629/spectra.pt
qwen35,state,8,0.7762981582875803,1843200,/home/joshuaz/sssm-states/reconstruction_experiments/results/recon_qwen35_20260524_051629/spectra.pt
qwen35,state,9,0.7931064200480878,1843200,/home/joshuaz/sssm-states/reconstruction_experiments/results/recon_qwen35_20260524_051629/spectra.pt
qwen35,state,10,0.8078078671883744,1843200,/home/joshuaz/sssm-states/reconstruction_experiments/results/recon_qwen35_20260524_051629/spectra.pt
qwen35,state,11,0.8208020236381278,1843200,/home/joshuaz/sssm-states/reconstruction_experiments/results/recon_qwen35_20260524_051629/spectra.pt
qwen35,state,12,0.8323870147546322,1843200,/home/joshuaz/sssm-states/reconstruction_experiments/results/recon_qwen35_20260524_051629/spectra.pt
qwen35,state,13,0.8427962143556735,1843200,/home/joshuaz/sssm-states/reconstruction_experiments/results/recon_qwen35_20260524_051629/spectra.pt
qwen35,state,14,0.8522088239093984,1843200,/home/joshuaz/sssm-states/reconstruction_experiments/results/recon_qwen35_20260524_051629/spectra.pt
qwen35,state,15,0.8607705042063196,1843200,/home/joshuaz/sssm-states/reconstruction_experiments/results/recon_qwen35_20260524_051629/spectra.pt
qwen35,state,16,0.8685964580058203,1843200,/home/joshuaz/sssm-states/reconstruction_experiments/results/recon_qwen35_20260524_051629/spectra.pt
qwen35,state,17,0.8757816370759336,1843200,/home/joshuaz/sssm-states/reconstruction_experiments/results/recon_qwen35_20260524_051629/spectra.pt
qwen35,state,18,0.882402685653419,1843200,/home/joshuaz/sssm-states/reconstruction_experiments/results/recon_qwen35_20260524_051629/spectra.pt
qwen35,state,19,0.8885266964548799,1843200,/home/joshuaz/sssm-states/reconstruction_experiments/results/recon_qwen35_20260524_051629/spectra.pt
qwen35,state,20,0.8942087315547733,1843200,/home/joshuaz/sssm-states/reconstruction_experiments/results/recon_qwen35_20260524_051629/spectra.pt
qwen35,state,21,0.8994956912436947,1843200,/home/joshuaz/sssm-states/reconstruction_experiments/results/recon_qwen35_20260524_051629/spectra.pt
qwen35,state,22,0.9044275277541619,1843200,/home/joshuaz/sssm-states/reconstruction_experiments/results/recon_qwen35_20260524_051629/spectra.pt
qwen35,state,23,0.9090396593134074,1843200,/home/joshuaz/sssm-states/reconstruction_experiments/results/recon_qwen35_20260524_051629/spectra.pt
qwen35,state,24,0.9133618835326079,1843200,/home/joshuaz/sssm-states/reconstruction_experiments/results/recon_qwen35_20260524_051629/spectra.pt
qwen35,state,25,0.9174206106700401,1843200,/home/joshuaz/sssm-states/reconstruction_experiments/results/recon_qwen35_20260524_051629/spectra.pt
qwen35,state,26,0.9212389586348779,1843200,/home/joshuaz/sssm-states/reconstruction_experiments/results/recon_qwen35_20260524_051629/spectra.pt
qwen35,state,27,0.9248369012692664,1843200,/home/joshuaz/sssm-states/reconstruction_experiments/results/recon_qwen35_20260524_051629/spectra.pt
qwen35,state,28,0.9282323190097095,1843200,/home/joshuaz/sssm-states/reconstruction_experiments/results/recon_qwen35_20260524_051629/spectra.pt
qwen35,state,29,0.9314415926456434,1843200,/home/joshuaz/sssm-states/reconstruction_experiments/results/recon_qwen35_20260524_051629/spectra.pt
qwen35,state,30,0.9344788128522072,1843200,/home/joshuaz/sssm-states/reconstruction_experiments/results/recon_qwen35_20260524_051629/spectra.pt
qwen35,state,31,0.937356792289064,1843200,/home/joshuaz/sssm-states/reconstruction_experiments/results/recon_qwen35_20260524_051629/spectra.pt
qwen35,state,32,0.9400873384866378,1843200,/home/joshuaz/sssm-states/reconstruction_experiments/results/recon_qwen35_20260524_051629/spectra.pt
qwen35,state,33,0.9426809137550208,1843200,/home/joshuaz/sssm-states/reconstruction_experiments/results/recon_qwen35_20260524_051629/spectra.pt
qwen35,state,34,0.9451469008936163,1843200,/home/joshuaz/sssm-states/reconstruction_experiments/results/recon_qwen35_20260524_051629/spectra.pt
qwen35,state,35,0.9474938771524959,1843200,/home/joshuaz/sssm-states/reconstruction_experiments/results/recon_qwen35_20260524_051629/spectra.pt
qwen35,state,36,0.9497295949464652,1843200,/home/joshuaz/sssm-states/reconstruction_experiments/results/recon_qwen35_20260524_051629/spectra.pt
qwen35,state,37,0.9518610650164913,1843200,/home/joshuaz/sssm-states/reconstruction_experiments/results/recon_qwen35_20260524_051629/spectra.pt
qwen35,state,38,0.9538947511667208,1843200,/home/joshuaz/sssm-states/reconstruction_experiments/results/recon_qwen35_20260524_051629/spectra.pt
qwen35,state,39,0.9558364290343982,1843200,/home/joshuaz/sssm-states/reconstruction_experiments/results/recon_qwen35_20260524_051629/spectra.pt
qwen35,state,40,0.9576915269613606,1843200,/home/joshuaz/sssm-states/reconstruction_experiments/results/recon_qwen35_20260524_051629/spectra.pt
qwen35,state,41,0.9594650839658023,1843200,/home/joshuaz/sssm-states/reconstruction_experiments/results/recon_qwen35_20260524_051629/spectra.pt
qwen35,state,42,0.9611616882884515,1843200,/home/joshuaz/sssm-states/reconstruction_experiments/results/recon_qwen35_20260524_051629/spectra.pt
qwen35,state,43,0.9627856058037327,1843200,/home/joshuaz/sssm-states/reconstruction_experiments/results/recon_qwen35_20260524_051629/spectra.pt
qwen35,state,44,0.9643407739880085,1843200,/home/joshuaz/sssm-states/reconstruction_experiments/results/recon_qwen35_20260524_051629/spectra.pt
qwen35,state,45,0.9658307720257684,1843200,/home/joshuaz/sssm-states/reconstruction_experiments/results/recon_qwen35_20260524_051629/spectra.pt
qwen35,state,46,0.9672590207546279,1843200,/home/joshuaz/sssm-states/reconstruction_experiments/results/recon_qwen35_20260524_051629/spectra.pt
qwen35,state,47,0.9686287114442036,1843200,/home/joshuaz/sssm-states/reconstruction_experiments/results/recon_qwen35_20260524_051629/spectra.pt
qwen35,state,48,0.9699426296930965,1843200,/home/joshuaz/sssm-states/reconstruction_experiments/results/recon_qwen35_20260524_051629/spectra.pt
qwen35,state,49,0.9712035301929519,1843200,/home/joshuaz/sssm-states/reconstruction_experiments/results/recon_qwen35_20260524_051629/spectra.pt
qwen35,state,50,0.9724139769973946,1843200,/home/joshuaz/sssm-states/reconstruction_experiments/results/recon_qwen35_20260524_051629/spectra.pt
qwen35,state,51,0.9735763177428579,1843200,/home/joshuaz/sssm-states/reconstruction_experiments/results/recon_qwen35_20260524_051629/spectra.pt
qwen35,state,52,0.9746928675250041,1843200,/home/joshuaz/sssm-states/reconstruction_experiments/results/recon_qwen35_20260524_051629/spectra.pt
qwen35,state,53,0.9757656822812827,1843200,/home/joshuaz/sssm-states/reconstruction_experiments/results/recon_qwen35_20260524_051629/spectra.pt
qwen35,state,54,0.976796732844831,1843200,/home/joshuaz/sssm-states/reconstruction_experiments/results/recon_qwen35_20260524_051629/spectra.pt
qwen35,state,55,0.9777878353720006,1843200,/home/joshuaz/sssm-states/reconstruction_experiments/results/recon_qwen35_20260524_051629/spectra.pt
qwen35,state,56,0.978740728305456,1843200,/home/joshuaz/sssm-states/reconstruction_experiments/results/recon_qwen35_20260524_051629/spectra.pt
qwen35,state,57,0.979657068389819,1843200,/home/joshuaz/sssm-states/reconstruction_experiments/results/recon_qwen35_20260524_051629/spectra.pt
qwen35,state,58,0.980538401771933,1843200,/home/joshuaz/sssm-states/reconstruction_experiments/results/recon_qwen35_20260524_051629/spectra.pt
qwen35,state,59,0.9813861853882636,1843200,/home/joshuaz/sssm-states/reconstruction_experiments/results/recon_qwen35_20260524_051629/spectra.pt
qwen35,state,60,0.9822018208233955,1843200,/home/joshuaz/sssm-states/reconstruction_experiments/results/recon_qwen35_20260524_051629/spectra.pt
qwen35,state,61,0.9829865959777546,1843200,/home/joshuaz/sssm-states/reconstruction_experiments/results/recon_qwen35_20260524_051629/spectra.pt
qwen35,state,62,0.9837417306876979,1843200,/home/joshuaz/sssm-states/reconstruction_experiments/results/recon_qwen35_20260524_051629/spectra.pt
qwen35,state,63,0.9844683933119254,1843200,/home/joshuaz/sssm-states/reconstruction_experiments/results/recon_qwen35_20260524_051629/spectra.pt
qwen35,state,64,0.9851676997120973,1843200,/home/joshuaz/sssm-states/reconstruction_experiments/results/recon_qwen35_20260524_051629/spectra.pt
qwen35,state,65,0.985840688387052,1843200,/home/joshuaz/sssm-states/reconstruction_experiments/results/recon_qwen35_20260524_051629/spectra.pt
qwen35,state,66,0.9864883861452067,1843200,/home/joshuaz/sssm-states/reconstruction_experiments/results/recon_qwen35_20260524_051629/spectra.pt
qwen35,state,67,0.987111739733776,1843200,/home/joshuaz/sssm-states/reconstruction_experiments/results/recon_qwen35_20260524_051629/spectra.pt
qwen35,state,68,0.9877116250250533,1843200,/home/joshuaz/sssm-states/reconstruction_experiments/results/recon_qwen35_20260524_051629/spectra.pt
qwen35,state,69,0.9882889344252601,1843200,/home/joshuaz/sssm-states/reconstruction_experiments/results/recon_qwen35_20260524_051629/spectra.pt
qwen35,state,70,0.9888444887118801,1843200,/home/joshuaz/sssm-states/reconstruction_experiments/results/recon_qwen35_20260524_051629/spectra.pt
qwen35,state,71,0.9893790586044933,1843200,/home/joshuaz/sssm-states/reconstruction_experiments/results/recon_qwen35_20260524_051629/spectra.pt
qwen35,state,72,0.9898933888456636,1843200,/home/joshuaz/sssm-states/reconstruction_experiments/results/recon_qwen35_20260524_051629/spectra.pt
qwen35,state,73,0.990388209941482,1843200,/home/joshuaz/sssm-states/reconstruction_experiments/results/recon_qwen35_20260524_051629/spectra.pt
qwen35,state,74,0.990864188595988,1843200,/home/joshuaz/sssm-states/reconstruction_experiments/results/recon_qwen35_20260524_051629/spectra.pt
qwen35,state,75,0.9913219689441954,1843200,/home/joshuaz/sssm-states/reconstruction_experiments/results/recon_qwen35_20260524_051629/spectra.pt
qwen35,state,76,0.9917621781797148,1843200,/home/joshuaz/sssm-states/reconstruction_experiments/results/recon_qwen35_20260524_051629/spectra.pt
qwen35,state,77,0.9921854098401955,1843200,/home/joshuaz/sssm-states/reconstruction_experiments/results/recon_qwen35_20260524_051629/spectra.pt
qwen35,state,78,0.992592222720692,1843200,/home/joshuaz/sssm-states/reconstruction_experiments/results/recon_qwen35_20260524_051629/spectra.pt
qwen35,state,79,0.9929831698486519,1843200,/home/joshuaz/sssm-states/reconstruction_experiments/results/recon_qwen35_20260524_051629/spectra.pt
qwen35,state,80,0.9933587598883092,1843200,/home/joshuaz/sssm-states/reconstruction_experiments/results/recon_qwen35_20260524_051629/spectra.pt
qwen35,state,81,0.9937195192594089,1843200,/home/joshuaz/sssm-states/reconstruction_experiments/results/recon_qwen35_20260524_051629/spectra.pt
qwen35,state,82,0.9940659244610136,1843200,/home/joshuaz/sssm-states/reconstruction_experiments/results/recon_qwen35_20260524_051629/spectra.pt
qwen35,state,83,0.994398415064776,1843200,/home/joshuaz/sssm-states/reconstruction_experiments/results/recon_qwen35_20260524_051629/spectra.pt
qwen35,state,84,0.9947174325895354,1843200,/home/joshuaz/sssm-states/reconstruction_experiments/results/recon_qwen35_20260524_051629/spectra.pt
qwen35,state,85,0.9950233953615253,1843200,/home/joshuaz/sssm-states/reconstruction_experiments/results/recon_qwen35_20260524_051629/spectra.pt
qwen35,state,86,0.9953167146433082,1843200,/home/joshuaz/sssm-states/reconstruction_experiments/results/recon_qwen35_20260524_051629/spectra.pt
qwen35,state,87,0.9955977861231738,1843200,/home/joshuaz/sssm-states/reconstruction_experiments/results/recon_qwen35_20260524_051629/spectra.pt
qwen35,state,88,0.9958669900695167,1843200,/home/joshuaz/sssm-states/reconstruction_experiments/results/recon_qwen35_20260524_051629/spectra.pt
qwen35,state,89,0.9961246885872479,1843200,/home/joshuaz/sssm-states/reconstruction_experiments/results/recon_qwen35_20260524_051629/spectra.pt
qwen35,state,90,0.9963712096260935,1843200,/home/joshuaz/sssm-states/reconstruction_experiments/results/recon_qwen35_20260524_051629/spectra.pt
qwen35,state,91,0.9966068914450545,1843200,/home/joshuaz/sssm-states/reconstruction_experiments/results/recon_qwen35_20260524_051629/spectra.pt
qwen35,state,92,0.9968320687741281,1843200,/home/joshuaz/sssm-states/reconstruction_experiments/results/recon_qwen35_20260524_051629/spectra.pt
qwen35,state,93,0.9970470476591411,1843200,/home/joshuaz/sssm-states/reconstruction_experiments/results/recon_qwen35_20260524_051629/spectra.pt
qwen35,state,94,0.9972521303373889,1843200,/home/joshuaz/sssm-states/reconstruction_experiments/results/recon_qwen35_20260524_051629/spectra.pt
qwen35,state,95,0.997447607947421,1843200,/home/joshuaz/sssm-states/reconstruction_experiments/results/recon_qwen35_20260524_051629/spectra.pt
qwen35,state,96,0.9976337512839868,1843200,/home/joshuaz/sssm-states/reconstruction_experiments/results/recon_qwen35_20260524_051629/spectra.pt
qwen35,state,97,0.9978108331033354,1843200,/home/joshuaz/sssm-states/reconstruction_experiments/results/recon_qwen35_20260524_051629/spectra.pt
qwen35,state,98,0.9979791175575959,1843200,/home/joshuaz/sssm-states/reconstruction_experiments/results/recon_qwen35_20260524_051629/spectra.pt
qwen35,state,99,0.9981388459674738,1843200,/home/joshuaz/sssm-states/reconstruction_experiments/results/recon_qwen35_20260524_051629/spectra.pt
qwen35,state,100,0.998290261424587,1843200,/home/joshuaz/sssm-states/reconstruction_experiments/results/recon_qwen35_20260524_051629/spectra.pt
qwen35,state,101,0.9984335933448102,1843200,/home/joshuaz/sssm-states/reconstruction_experiments/results/recon_qwen35_20260524_051629/spectra.pt
qwen35,state,102,0.9985690715883649,1843200,/home/joshuaz/sssm-states/reconstruction_experiments/results/recon_qwen35_20260524_051629/spectra.pt
qwen35,state,103,0.9986969266389087,1843200,/home/joshuaz/sssm-states/reconstruction_experiments/results/recon_qwen35_20260524_051629/spectra.pt
qwen35,state,104,0.9988173877825706,1843200,/home/joshuaz/sssm-states/reconstruction_experiments/results/recon_qwen35_20260524_051629/spectra.pt
qwen35,state,105,0.9989306771932867,1843200,/home/joshuaz/sssm-states/reconstruction_experiments/results/recon_qwen35_20260524_051629/spectra.pt
qwen35,state,106,0.9990370230684785,1843200,/home/joshuaz/sssm-states/reconstruction_experiments/results/recon_qwen35_20260524_051629/spectra.pt
qwen35,state,107,0.999136638791663,1843200,/home/joshuaz/sssm-states/reconstruction_experiments/results/recon_qwen35_20260524_051629/spectra.pt
qwen35,state,108,0.9992297283698965,1843200,/home/joshuaz/sssm-states/reconstruction_experiments/results/recon_qwen35_20260524_051629/spectra.pt
qwen35,state,109,0.9993164832762995,1843200,/home/joshuaz/sssm-states/reconstruction_experiments/results/recon_qwen35_20260524_051629/spectra.pt
qwen35,state,110,0.9993970941838571,1843200,/home/joshuaz/sssm-states/reconstruction_experiments/results/recon_qwen35_20260524_051629/spectra.pt
qwen35,state,111,0.9994717556258828,1843200,/home/joshuaz/sssm-states/reconstruction_experiments/results/recon_qwen35_20260524_051629/spectra.pt
qwen35,state,112,0.999540646356955,1843200,/home/joshuaz/sssm-states/reconstruction_experiments/results/recon_qwen35_20260524_051629/spectra.pt
qwen35,state,113,0.999603945217703,1843200,/home/joshuaz/sssm-states/reconstruction_experiments/results/recon_qwen35_20260524_051629/spectra.pt
qwen35,state,114,0.9996618301389568,1843200,/home/joshuaz/sssm-states/reconstruction_experiments/results/recon_qwen35_20260524_051629/spectra.pt
qwen35,state,115,0.9997144749258536,1843200,/home/joshuaz/sssm-states/reconstruction_experiments/results/recon_qwen35_20260524_051629/spectra.pt
qwen35,state,116,0.999762039581476,1843200,/home/joshuaz/sssm-states/reconstruction_experiments/results/recon_qwen35_20260524_051629/spectra.pt
qwen35,state,117,0.9998046810600996,1843200,/home/joshuaz/sssm-states/reconstruction_experiments/results/recon_qwen35_20260524_051629/spectra.pt
qwen35,state,118,0.9998425507619387,1843200,/home/joshuaz/sssm-states/reconstruction_experiments/results/recon_qwen35_20260524_051629/spectra.pt
qwen35,state,119,0.9998758474468011,1843200,/home/joshuaz/sssm-states/reconstruction_experiments/results/recon_qwen35_20260524_051629/spectra.pt
qwen35,state,120,0.9999047469019672,1843200,/home/joshuaz/sssm-states/reconstruction_experiments/results/recon_qwen35_20260524_051629/spectra.pt
qwen35,state,121,0.9999294238257183,1843200,/home/joshuaz/sssm-states/reconstruction_experiments/results/recon_qwen35_20260524_051629/spectra.pt
qwen35,state,122,0.999950042910499,1843200,/home/joshuaz/sssm-states/reconstruction_experiments/results/recon_qwen35_20260524_051629/spectra.pt
qwen35,state,123,0.9999667743692834,1843200,/home/joshuaz/sssm-states/reconstruction_experiments/results/recon_qwen35_20260524_051629/spectra.pt
qwen35,state,124,0.9999797998323585,1843200,/home/joshuaz/sssm-states/reconstruction_experiments/results/recon_qwen35_20260524_051629/spectra.pt
qwen35,state,125,0.9999893461260332,1843200,/home/joshuaz/sssm-states/reconstruction_experiments/results/recon_qwen35_20260524_051629/spectra.pt
qwen35,state,126,0.999995651266947,1843200,/home/joshuaz/sssm-states/reconstruction_experiments/results/recon_qwen35_20260524_051629/spectra.pt
qwen35,state,127,0.9999990198269469,1843200,/home/joshuaz/sssm-states/reconstruction_experiments/results/recon_qwen35_20260524_051629/spectra.pt
qwen35,state,128,1.0,1843200,/home/joshuaz/sssm-states/reconstruction_experiments/results/recon_qwen35_20260524_051629/spectra.pt
qwen35,random,1,0.018118231043974017,1843200,/home/joshuaz/sssm-states/reconstruction_experiments/results/recon_qwen35_20260524_051629/spectra.pt
qwen35,random,2,0.03576367952981567,1843200,/home/joshuaz/sssm-states/reconstruction_experiments/results/recon_qwen35_20260524_051629/spectra.pt
qwen35,random,3,0.053048851598294255,1843200,/home/joshuaz/sssm-states/reconstruction_experiments/results/recon_qwen35_20260524_051629/spectra.pt
qwen35,random,4,0.0700228590856536,1843200,/home/joshuaz/sssm-states/reconstruction_experiments/results/recon_qwen35_20260524_051629/spectra.pt
qwen35,random,5,0.0867156961038998,1843200,/home/joshuaz/sssm-states/reconstruction_experiments/results/recon_qwen35_20260524_051629/spectra.pt
qwen35,random,6,0.10314795332370438,1843200,/home/joshuaz/sssm-states/reconstruction_experiments/results/recon_qwen35_20260524_051629/spectra.pt
qwen35,random,7,0.1193350739182652,1843200,/home/joshuaz/sssm-states/reconstruction_experiments/results/recon_qwen35_20260524_051629/spectra.pt
qwen35,random,8,0.1352893348830829,1843200,/home/joshuaz/sssm-states/reconstruction_experiments/results/recon_qwen35_20260524_051629/spectra.pt
qwen35,random,9,0.15102052356254306,1843200,/home/joshuaz/sssm-states/reconstruction_experiments/results/recon_qwen35_20260524_051629/spectra.pt
qwen35,random,10,0.16653693924933996,1843200,/home/joshuaz/sssm-states/reconstruction_experiments/results/recon_qwen35_20260524_051629/spectra.pt
qwen35,random,11,0.18184566634655505,1843200,/home/joshuaz/sssm-states/reconstruction_experiments/results/recon_qwen35_20260524_051629/spectra.pt
qwen35,random,12,0.19695283683022669,1843200,/home/joshuaz/sssm-states/reconstruction_experiments/results/recon_qwen35_20260524_051629/spectra.pt
qwen35,random,13,0.21186424336656548,1843200,/home/joshuaz/sssm-states/reconstruction_experiments/results/recon_qwen35_20260524_051629/spectra.pt
qwen35,random,14,0.22658439477849546,1843200,/home/joshuaz/sssm-states/reconstruction_experiments/results/recon_qwen35_20260524_051629/spectra.pt
qwen35,random,15,0.24111769661202065,1843200,/home/joshuaz/sssm-states/reconstruction_experiments/results/recon_qwen35_20260524_051629/spectra.pt
qwen35,random,16,0.25546807352917034,1843200,/home/joshuaz/sssm-states/reconstruction_experiments/results/recon_qwen35_20260524_051629/spectra.pt
qwen35,random,17,0.26963902342732304,1843200,/home/joshuaz/sssm-states/reconstruction_experiments/results/recon_qwen35_20260524_051629/spectra.pt
qwen35,random,18,0.28363377323304007,1843200,/home/joshuaz/sssm-states/reconstruction_experiments/results/recon_qwen35_20260524_051629/spectra.pt
qwen35,random,19,0.2974553312704784,1843200,/home/joshuaz/sssm-states/reconstruction_experiments/results/recon_qwen35_20260524_051629/spectra.pt
qwen35,random,20,0.3111065078618189,1843200,/home/joshuaz/sssm-states/reconstruction_experiments/results/recon_qwen35_20260524_051629/spectra.pt
qwen35,random,21,0.32458990554635103,1843200,/home/joshuaz/sssm-states/reconstruction_experiments/results/recon_qwen35_20260524_051629/spectra.pt
qwen35,random,22,0.3379078899386813,1843200,/home/joshuaz/sssm-states/reconstruction_experiments/results/recon_qwen35_20260524_051629/spectra.pt
qwen35,random,23,0.35106280164730863,1843200,/home/joshuaz/sssm-states/reconstruction_experiments/results/recon_qwen35_20260524_051629/spectra.pt
qwen35,random,24,0.3640564721807481,1843200,/home/joshuaz/sssm-states/reconstruction_experiments/results/recon_qwen35_20260524_051629/spectra.pt
qwen35,random,25,0.37689109164992834,1843200,/home/joshuaz/sssm-states/reconstruction_experiments/results/recon_qwen35_20260524_051629/spectra.pt
qwen35,random,26,0.3895684464814463,1843200,/home/joshuaz/sssm-states/reconstruction_experiments/results/recon_qwen35_20260524_051629/spectra.pt
qwen35,random,27,0.4020901662631737,1843200,/home/joshuaz/sssm-states/reconstruction_experiments/results/recon_qwen35_20260524_051629/spectra.pt
qwen35,random,28,0.41445800750837963,1843200,/home/joshuaz/sssm-states/reconstruction_experiments/results/recon_qwen35_20260524_051629/spectra.pt
qwen35,random,29,0.4266735425367165,1843200,/home/joshuaz/sssm-states/reconstruction_experiments/results/recon_qwen35_20260524_051629/spectra.pt
qwen35,random,30,0.4387381615261005,1843200,/home/joshuaz/sssm-states/reconstruction_experiments/results/recon_qwen35_20260524_051629/spectra.pt
qwen35,random,31,0.45065344188599077,1843200,/home/joshuaz/sssm-states/reconstruction_experiments/results/recon_qwen35_20260524_051629/spectra.pt
qwen35,random,32,0.4624207137715423,1843200,/home/joshuaz/sssm-states/reconstruction_experiments/results/recon_qwen35_20260524_051629/spectra.pt
qwen35,random,33,0.47404115948034625,1843200,/home/joshuaz/sssm-states/reconstruction_experiments/results/recon_qwen35_20260524_051629/spectra.pt
qwen35,random,34,0.48551600429080766,1843200,/home/joshuaz/sssm-states/reconstruction_experiments/results/recon_qwen35_20260524_051629/spectra.pt
qwen35,random,35,0.49684643214692964,1843200,/home/joshuaz/sssm-states/reconstruction_experiments/results/recon_qwen35_20260524_051629/spectra.pt
qwen35,random,36,0.5080335173986442,1843200,/home/joshuaz/sssm-states/reconstruction_experiments/results/recon_qwen35_20260524_051629/spectra.pt
qwen35,random,37,0.5190783757346827,1843200,/home/joshuaz/sssm-states/reconstruction_experiments/results/recon_qwen35_20260524_051629/spectra.pt
qwen35,random,38,0.5299819596691607,1843200,/home/joshuaz/sssm-states/reconstruction_experiments/results/recon_qwen35_20260524_051629/spectra.pt
qwen35,random,39,0.5407452999410814,1843200,/home/joshuaz/sssm-states/reconstruction_experiments/results/recon_qwen35_20260524_051629/spectra.pt
qwen35,random,40,0.5513694150565739,1843200,/home/joshuaz/sssm-states/reconstruction_experiments/results/recon_qwen35_20260524_051629/spectra.pt
qwen35,random,41,0.561855277159019,1843200,/home/joshuaz/sssm-states/reconstruction_experiments/results/recon_qwen35_20260524_051629/spectra.pt
qwen35,random,42,0.5722037148381633,1843200,/home/joshuaz/sssm-states/reconstruction_experiments/results/recon_qwen35_20260524_051629/spectra.pt
qwen35,random,43,0.5824154941650008,1843200,/home/joshuaz/sssm-states/reconstruction_experiments/results/recon_qwen35_20260524_051629/spectra.pt
qwen35,random,44,0.5924914609900293,1843200,/home/joshuaz/sssm-states/reconstruction_experiments/results/recon_qwen35_20260524_051629/spectra.pt
qwen35,random,45,0.6024323545503039,1843200,/home/joshuaz/sssm-states/reconstruction_experiments/results/recon_qwen35_20260524_051629/spectra.pt
qwen35,random,46,0.6122389741615644,1843200,/home/joshuaz/sssm-states/reconstruction_experiments/results/recon_qwen35_20260524_051629/spectra.pt
qwen35,random,47,0.6219119720064585,1843200,/home/joshuaz/sssm-states/reconstruction_experiments/results/recon_qwen35_20260524_051629/spectra.pt
qwen35,random,48,0.6314520747953402,1843200,/home/joshuaz/sssm-states/reconstruction_experiments/results/recon_qwen35_20260524_051629/spectra.pt
qwen35,random,49,0.6408600041996564,1843200,/home/joshuaz/sssm-states/reconstruction_experiments/results/recon_qwen35_20260524_051629/spectra.pt
qwen35,random,50,0.6501364525847878,1843200,/home/joshuaz/sssm-states/reconstruction_experiments/results/recon_qwen35_20260524_051629/spectra.pt
qwen35,random,51,0.6592820730954013,1843200,/home/joshuaz/sssm-states/reconstruction_experiments/results/recon_qwen35_20260524_051629/spectra.pt
qwen35,random,52,0.6682973661538545,1843200,/home/joshuaz/sssm-states/reconstruction_experiments/results/recon_qwen35_20260524_051629/spectra.pt
qwen35,random,53,0.6771829279846949,1843200,/home/joshuaz/sssm-states/reconstruction_experiments/results/recon_qwen35_20260524_051629/spectra.pt
qwen35,random,54,0.6859393213298405,1843200,/home/joshuaz/sssm-states/reconstruction_experiments/results/recon_qwen35_20260524_051629/spectra.pt
qwen35,random,55,0.6945671824535725,1843200,/home/joshuaz/sssm-states/reconstruction_experiments/results/recon_qwen35_20260524_051629/spectra.pt
qwen35,random,56,0.70306693873058,1843200,/home/joshuaz/sssm-states/reconstruction_experiments/results/recon_qwen35_20260524_051629/spectra.pt
qwen35,random,57,0.7114391164950508,1843200,/home/joshuaz/sssm-states/reconstruction_experiments/results/recon_qwen35_20260524_051629/spectra.pt
qwen35,random,58,0.7196842857175919,1843200,/home/joshuaz/sssm-states/reconstruction_experiments/results/recon_qwen35_20260524_051629/spectra.pt
qwen35,random,59,0.7278028848164914,1843200,/home/joshuaz/sssm-states/reconstruction_experiments/results/recon_qwen35_20260524_051629/spectra.pt
qwen35,random,60,0.7357954479597221,1843200,/home/joshuaz/sssm-states/reconstruction_experiments/results/recon_qwen35_20260524_051629/spectra.pt
qwen35,random,61,0.7436624701539187,1843200,/home/joshuaz/sssm-states/reconstruction_experiments/results/recon_qwen35_20260524_051629/spectra.pt
qwen35,random,62,0.7514044770341229,1843200,/home/joshuaz/sssm-states/reconstruction_experiments/results/recon_qwen35_20260524_051629/spectra.pt
qwen35,random,63,0.7590217956767565,1843200,/home/joshuaz/sssm-states/reconstruction_experiments/results/recon_qwen35_20260524_051629/spectra.pt
qwen35,random,64,0.7665148169346347,1843200,/home/joshuaz/sssm-states/reconstruction_experiments/results/recon_qwen35_20260524_051629/spectra.pt
qwen35,random,65,0.7738838378172412,1843200,/home/joshuaz/sssm-states/reconstruction_experiments/results/recon_qwen35_20260524_051629/spectra.pt
qwen35,random,66,0.7811294199200582,1843200,/home/joshuaz/sssm-states/reconstruction_experiments/results/recon_qwen35_20260524_051629/spectra.pt
qwen35,random,67,0.78825198400388,1843200,/home/joshuaz/sssm-states/reconstruction_experiments/results/recon_qwen35_20260524_051629/spectra.pt
qwen35,random,68,0.7952518136140824,1843200,/home/joshuaz/sssm-states/reconstruction_experiments/results/recon_qwen35_20260524_051629/spectra.pt
qwen35,random,69,0.8021293020213337,1843200,/home/joshuaz/sssm-states/reconstruction_experiments/results/recon_qwen35_20260524_051629/spectra.pt
qwen35,random,70,0.8088848007261913,1843200,/home/joshuaz/sssm-states/reconstruction_experiments/results/recon_qwen35_20260524_051629/spectra.pt
qwen35,random,71,0.8155185793579759,1843200,/home/joshuaz/sssm-states/reconstruction_experiments/results/recon_qwen35_20260524_051629/spectra.pt
qwen35,random,72,0.8220310542822934,1843200,/home/joshuaz/sssm-states/reconstruction_experiments/results/recon_qwen35_20260524_051629/spectra.pt
qwen35,random,73,0.8284225317653715,1843200,/home/joshuaz/sssm-states/reconstruction_experiments/results/recon_qwen35_20260524_051629/spectra.pt
qwen35,random,74,0.8346933814348606,1843200,/home/joshuaz/sssm-states/reconstruction_experiments/results/recon_qwen35_20260524_051629/spectra.pt
qwen35,random,75,0.8408439014119816,1843200,/home/joshuaz/sssm-states/reconstruction_experiments/results/recon_qwen35_20260524_051629/spectra.pt
qwen35,random,76,0.8468743387008112,1843200,/home/joshuaz/sssm-states/reconstruction_experiments/results/recon_qwen35_20260524_051629/spectra.pt
qwen35,random,77,0.8527849298243537,1843200,/home/joshuaz/sssm-states/reconstruction_experiments/results/recon_qwen35_20260524_051629/spectra.pt
qwen35,random,78,0.8585760835235307,1843200,/home/joshuaz/sssm-states/reconstruction_experiments/results/recon_qwen35_20260524_051629/spectra.pt
qwen35,random,79,0.8642479874181458,1843200,/home/joshuaz/sssm-states/reconstruction_experiments/results/recon_qwen35_20260524_051629/spectra.pt
qwen35,random,80,0.8698009210064339,1843200,/home/joshuaz/sssm-states/reconstruction_experiments/results/recon_qwen35_20260524_051629/spectra.pt
qwen35,random,81,0.8752350861637733,1843200,/home/joshuaz/sssm-states/reconstruction_experiments/results/recon_qwen35_20260524_051629/spectra.pt
qwen35,random,82,0.8805508148243137,1843200,/home/joshuaz/sssm-states/reconstruction_experiments/results/recon_qwen35_20260524_051629/spectra.pt
qwen35,random,83,0.8857482821770495,1843200,/home/joshuaz/sssm-states/reconstruction_experiments/results/recon_qwen35_20260524_051629/spectra.pt
qwen35,random,84,0.8908276734344998,1843200,/home/joshuaz/sssm-states/reconstruction_experiments/results/recon_qwen35_20260524_051629/spectra.pt
qwen35,random,85,0.8957893406946373,1843200,/home/joshuaz/sssm-states/reconstruction_experiments/results/recon_qwen35_20260524_051629/spectra.pt
qwen35,random,86,0.9006334950620843,1843200,/home/joshuaz/sssm-states/reconstruction_experiments/results/recon_qwen35_20260524_051629/spectra.pt
qwen35,random,87,0.9053602175021336,1843200,/home/joshuaz/sssm-states/reconstruction_experiments/results/recon_qwen35_20260524_051629/spectra.pt
qwen35,random,88,0.9099697802045122,1843200,/home/joshuaz/sssm-states/reconstruction_experiments/results/recon_qwen35_20260524_051629/spectra.pt
qwen35,random,89,0.914462421994377,1843200,/home/joshuaz/sssm-states/reconstruction_experiments/results/recon_qwen35_20260524_051629/spectra.pt
qwen35,random,90,0.9188383903439454,1843200,/home/joshuaz/sssm-states/reconstruction_experiments/results/recon_qwen35_20260524_051629/spectra.pt
qwen35,random,91,0.9230978058619272,1843200,/home/joshuaz/sssm-states/reconstruction_experiments/results/recon_qwen35_20260524_051629/spectra.pt
qwen35,random,92,0.9272408049616924,1843200,/home/joshuaz/sssm-states/reconstruction_experiments/results/recon_qwen35_20260524_051629/spectra.pt
qwen35,random,93,0.9312676703954094,1843200,/home/joshuaz/sssm-states/reconstruction_experiments/results/recon_qwen35_20260524_051629/spectra.pt
qwen35,random,94,0.9351785352502764,1843200,/home/joshuaz/sssm-states/reconstruction_experiments/results/recon_qwen35_20260524_051629/spectra.pt
qwen35,random,95,0.9389734460129533,1843200,/home/joshuaz/sssm-states/reconstruction_experiments/results/recon_qwen35_20260524_051629/spectra.pt
qwen35,random,96,0.9426526445650117,1843200,/home/joshuaz/sssm-states/reconstruction_experiments/results/recon_qwen35_20260524_051629/spectra.pt
qwen35,random,97,0.9462163107394748,1843200,/home/joshuaz/sssm-states/reconstruction_experiments/results/recon_qwen35_20260524_051629/spectra.pt
qwen35,random,98,0.9496645585993113,1843200,/home/joshuaz/sssm-states/reconstruction_experiments/results/recon_qwen35_20260524_051629/spectra.pt
qwen35,random,99,0.9529975942620647,1843200,/home/joshuaz/sssm-states/reconstruction_experiments/results/recon_qwen35_20260524_051629/spectra.pt
qwen35,random,100,0.95621539549676,1843200,/home/joshuaz/sssm-states/reconstruction_experiments/results/recon_qwen35_20260524_051629/spectra.pt
qwen35,random,101,0.9593181563719495,1843200,/home/joshuaz/sssm-states/reconstruction_experiments/results/recon_qwen35_20260524_051629/spectra.pt
qwen35,random,102,0.9623060595508107,1843200,/home/joshuaz/sssm-states/reconstruction_experiments/results/recon_qwen35_20260524_051629/spectra.pt
qwen35,random,103,0.965179192444913,1843200,/home/joshuaz/sssm-states/reconstruction_experiments/results/recon_qwen35_20260524_051629/spectra.pt
qwen35,random,104,0.9679376998591461,1843200,/home/joshuaz/sssm-states/reconstruction_experiments/results/recon_qwen35_20260524_051629/spectra.pt
qwen35,random,105,0.9705817033018268,1843200,/home/joshuaz/sssm-states/reconstruction_experiments/results/recon_qwen35_20260524_051629/spectra.pt
qwen35,random,106,0.9731112554595284,1843200,/home/joshuaz/sssm-states/reconstruction_experiments/results/recon_qwen35_20260524_051629/spectra.pt
qwen35,random,107,0.9755265200954623,1843200,/home/joshuaz/sssm-states/reconstruction_experiments/results/recon_qwen35_20260524_051629/spectra.pt
qwen35,random,108,0.9778275809904635,1843200,/home/joshuaz/sssm-states/reconstruction_experiments/results/recon_qwen35_20260524_051629/spectra.pt
qwen35,random,109,0.9800145029130931,1843200,/home/joshuaz/sssm-states/reconstruction_experiments/results/recon_qwen35_20260524_051629/spectra.pt
qwen35,random,110,0.9820872833641455,1843200,/home/joshuaz/sssm-states/reconstruction_experiments/results/recon_qwen35_20260524_051629/spectra.pt
qwen35,random,111,0.984046055208787,1843200,/home/joshuaz/sssm-states/reconstruction_experiments/results/recon_qwen35_20260524_051629/spectra.pt
qwen35,random,112,0.9858909658817229,1843200,/home/joshuaz/sssm-states/reconstruction_experiments/results/recon_qwen35_20260524_051629/spectra.pt
qwen35,random,113,0.9876221674610052,1843200,/home/joshuaz/sssm-states/reconstruction_experiments/results/recon_qwen35_20260524_051629/spectra.pt
qwen35,random,114,0.989239582797942,1843200,/home/joshuaz/sssm-states/reconstruction_experiments/results/recon_qwen35_20260524_051629/spectra.pt
qwen35,random,115,0.9907433049685427,1843200,/home/joshuaz/sssm-states/reconstruction_experiments/results/recon_qwen35_20260524_051629/spectra.pt
qwen35,random,116,0.9921334140484338,1843200,/home/joshuaz/sssm-states/reconstruction_experiments/results/recon_qwen35_20260524_051629/spectra.pt
qwen35,random,117,0.9934099988005002,1843200,/home/joshuaz/sssm-states/reconstruction_experiments/results/recon_qwen35_20260524_051629/spectra.pt
qwen35,random,118,0.9945730889927464,1843200,/home/joshuaz/sssm-states/reconstruction_experiments/results/recon_qwen35_20260524_051629/spectra.pt
qwen35,random,119,0.9956228210912492,1843200,/home/joshuaz/sssm-states/reconstruction_experiments/results/recon_qwen35_20260524_051629/spectra.pt
qwen35,random,120,0.9965591934763193,1843200,/home/joshuaz/sssm-states/reconstruction_experiments/results/recon_qwen35_20260524_051629/spectra.pt
qwen35,random,121,0.9973822878069425,1843200,/home/joshuaz/sssm-states/reconstruction_experiments/results/recon_qwen35_20260524_051629/spectra.pt
qwen35,random,122,0.9980922394883028,1843200,/home/joshuaz/sssm-states/reconstruction_experiments/results/recon_qwen35_20260524_051629/spectra.pt
qwen35,random,123,0.9986890983300476,1843200,/home/joshuaz/sssm-states/reconstruction_experiments/results/recon_qwen35_20260524_051629/spectra.pt
qwen35,random,124,0.9991730374776259,1843200,/home/joshuaz/sssm-states/reconstruction_experiments/results/recon_qwen35_20260524_051629/spectra.pt
qwen35,random,125,0.9995443391728982,1843200,/home/joshuaz/sssm-states/reconstruction_experiments/results/recon_qwen35_20260524_051629/spectra.pt
qwen35,random,126,0.9998036057370759,1843200,/home/joshuaz/sssm-states/reconstruction_experiments/results/recon_qwen35_20260524_051629/spectra.pt
qwen35,random,127,0.9999526592632821,1843200,/home/joshuaz/sssm-states/reconstruction_experiments/results/recon_qwen35_20260524_051629/spectra.pt
qwen35,random,128,1.0,1843200,/home/joshuaz/sssm-states/reconstruction_experiments/results/recon_qwen35_20260524_051629/spectra.pt
deltanet,state,1,0.26591432350664657,921600,/home/joshuaz/sssm-states/reconstruction_experiments/results/recon_deltanet_20260524_113703/spectra.pt
deltanet,state,2,0.36147981232894527,921600,/home/joshuaz/sssm-states/reconstruction_experiments/results/recon_deltanet_20260524_113703/spectra.pt
deltanet,state,3,0.419396158320902,921600,/home/joshuaz/sssm-states/reconstruction_experiments/results/recon_deltanet_20260524_113703/spectra.pt
deltanet,state,4,0.4610520905475974,921600,/home/joshuaz/sssm-states/reconstruction_experiments/results/recon_deltanet_20260524_113703/spectra.pt
deltanet,state,5,0.4938549123943535,921600,/home/joshuaz/sssm-states/reconstruction_experiments/results/recon_deltanet_20260524_113703/spectra.pt
deltanet,state,6,0.5213147252024196,921600,/home/joshuaz/sssm-states/reconstruction_experiments/results/recon_deltanet_20260524_113703/spectra.pt
deltanet,state,7,0.5451282292007845,921600,/home/joshuaz/sssm-states/reconstruction_experiments/results/recon_deltanet_20260524_113703/spectra.pt
deltanet,state,8,0.5662382885096439,921600,/home/joshuaz/sssm-states/reconstruction_experiments/results/recon_deltanet_20260524_113703/spectra.pt
deltanet,state,9,0.585300583708437,921600,/home/joshuaz/sssm-states/reconstruction_experiments/results/recon_deltanet_20260524_113703/spectra.pt
deltanet,state,10,0.6026532962249271,921600,/home/joshuaz/sssm-states/reconstruction_experiments/results/recon_deltanet_20260524_113703/spectra.pt
deltanet,state,11,0.6186716069944818,921600,/home/joshuaz/sssm-states/reconstruction_experiments/results/recon_deltanet_20260524_113703/spectra.pt
deltanet,state,12,0.6335968479250402,921600,/home/joshuaz/sssm-states/reconstruction_experiments/results/recon_deltanet_20260524_113703/spectra.pt
deltanet,state,13,0.6475680093796633,921600,/home/joshuaz/sssm-states/reconstruction_experiments/results/recon_deltanet_20260524_113703/spectra.pt
deltanet,state,14,0.6607059988633964,921600,/home/joshuaz/sssm-states/reconstruction_experiments/results/recon_deltanet_20260524_113703/spectra.pt
deltanet,state,15,0.6731030883833957,921600,/home/joshuaz/sssm-states/reconstruction_experiments/results/recon_deltanet_20260524_113703/spectra.pt
deltanet,state,16,0.684838821027558,921600,/home/joshuaz/sssm-states/reconstruction_experiments/results/recon_deltanet_20260524_113703/spectra.pt
deltanet,state,17,0.6959869806667689,921600,/home/joshuaz/sssm-states/reconstruction_experiments/results/recon_deltanet_20260524_113703/spectra.pt
deltanet,state,18,0.7065998973960314,921600,/home/joshuaz/sssm-states/reconstruction_experiments/results/recon_deltanet_20260524_113703/spectra.pt
deltanet,state,19,0.7167218900791658,921600,/home/joshuaz/sssm-states/reconstruction_experiments/results/recon_deltanet_20260524_113703/spectra.pt
deltanet,state,20,0.7263926202643748,921600,/home/joshuaz/sssm-states/reconstruction_experiments/results/recon_deltanet_20260524_113703/spectra.pt
deltanet,state,21,0.735648257312691,921600,/home/joshuaz/sssm-states/reconstruction_experiments/results/recon_deltanet_20260524_113703/spectra.pt
deltanet,state,22,0.7445204079374736,921600,/home/joshuaz/sssm-states/reconstruction_experiments/results/recon_deltanet_20260524_113703/spectra.pt
deltanet,state,23,0.7530341570536657,921600,/home/joshuaz/sssm-states/reconstruction_experiments/results/recon_deltanet_20260524_113703/spectra.pt
deltanet,state,24,0.7612141603986053,921600,/home/joshuaz/sssm-states/reconstruction_experiments/results/recon_deltanet_20260524_113703/spectra.pt
deltanet,state,25,0.7690805078534643,921600,/home/joshuaz/sssm-states/reconstruction_experiments/results/recon_deltanet_20260524_113703/spectra.pt
deltanet,state,26,0.7766517283478152,921600,/home/joshuaz/sssm-states/reconstruction_experiments/results/recon_deltanet_20260524_113703/spectra.pt
deltanet,state,27,0.7839455461760525,921600,/home/joshuaz/sssm-states/reconstruction_experiments/results/recon_deltanet_20260524_113703/spectra.pt
deltanet,state,28,0.790977293285684,921600,/home/joshuaz/sssm-states/reconstruction_experiments/results/recon_deltanet_20260524_113703/spectra.pt
deltanet,state,29,0.7977615354304249,921600,/home/joshuaz/sssm-states/reconstruction_experiments/results/recon_deltanet_20260524_113703/spectra.pt
deltanet,state,30,0.8043114091484103,921600,/home/joshuaz/sssm-states/reconstruction_experiments/results/recon_deltanet_20260524_113703/spectra.pt
deltanet,state,31,0.810638871899787,921600,/home/joshuaz/sssm-states/reconstruction_experiments/results/recon_deltanet_20260524_113703/spectra.pt
deltanet,state,32,0.8167548904766881,921600,/home/joshuaz/sssm-states/reconstruction_experiments/results/recon_deltanet_20260524_113703/spectra.pt
deltanet,state,33,0.8226697618828049,921600,/home/joshuaz/sssm-states/reconstruction_experiments/results/recon_deltanet_20260524_113703/spectra.pt
deltanet,state,34,0.8283930313188292,921600,/home/joshuaz/sssm-states/reconstruction_experiments/results/recon_deltanet_20260524_113703/spectra.pt
deltanet,state,35,0.8339334680388338,921600,/home/joshuaz/sssm-states/reconstruction_experiments/results/recon_deltanet_20260524_113703/spectra.pt
deltanet,state,36,0.8392994658641495,921600,/home/joshuaz/sssm-states/reconstruction_experiments/results/recon_deltanet_20260524_113703/spectra.pt
deltanet,state,37,0.8444984549492902,921600,/home/joshuaz/sssm-states/reconstruction_experiments/results/recon_deltanet_20260524_113703/spectra.pt
deltanet,state,38,0.8495377108901775,921600,/home/joshuaz/sssm-states/reconstruction_experiments/results/recon_deltanet_20260524_113703/spectra.pt
deltanet,state,39,0.8544235692465493,921600,/home/joshuaz/sssm-states/reconstruction_experiments/results/recon_deltanet_20260524_113703/spectra.pt
deltanet,state,40,0.8591623101382779,921600,/home/joshuaz/sssm-states/reconstruction_experiments/results/recon_deltanet_20260524_113703/spectra.pt
deltanet,state,41,0.8637597308659005,921600,/home/joshuaz/sssm-states/reconstruction_experiments/results/recon_deltanet_20260524_113703/spectra.pt
deltanet,state,42,0.868221276817602,921600,/home/joshuaz/sssm-states/reconstruction_experiments/results/recon_deltanet_20260524_113703/spectra.pt
deltanet,state,43,0.8725519970401042,921600,/home/joshuaz/sssm-states/reconstruction_experiments/results/recon_deltanet_20260524_113703/spectra.pt
deltanet,state,44,0.8767565048641381,921600,/home/joshuaz/sssm-states/reconstruction_experiments/results/recon_deltanet_20260524_113703/spectra.pt
deltanet,state,45,0.8808395123087679,921600,/home/joshuaz/sssm-states/reconstruction_experiments/results/recon_deltanet_20260524_113703/spectra.pt
deltanet,state,46,0.8848053180585542,921600,/home/joshuaz/sssm-states/reconstruction_experiments/results/recon_deltanet_20260524_113703/spectra.pt
deltanet,state,47,0.8886577903863314,921600,/home/joshuaz/sssm-states/reconstruction_experiments/results/recon_deltanet_20260524_113703/spectra.pt
deltanet,state,48,0.8924007484657299,921600,/home/joshuaz/sssm-states/reconstruction_experiments/results/recon_deltanet_20260524_113703/spectra.pt
deltanet,state,49,0.8960377983072724,921600,/home/joshuaz/sssm-states/reconstruction_experiments/results/recon_deltanet_20260524_113703/spectra.pt
deltanet,state,50,0.8995724625435824,921600,/home/joshuaz/sssm-states/reconstruction_experiments/results/recon_deltanet_20260524_113703/spectra.pt
deltanet,state,51,0.9030079665435734,921600,/home/joshuaz/sssm-states/reconstruction_experiments/results/recon_deltanet_20260524_113703/spectra.pt
deltanet,state,52,0.9063473544824224,921600,/home/joshuaz/sssm-states/reconstruction_experiments/results/recon_deltanet_20260524_113703/spectra.pt
deltanet,state,53,0.9095935932125431,921600,/home/joshuaz/sssm-states/reconstruction_experiments/results/recon_deltanet_20260524_113703/spectra.pt
deltanet,state,54,0.9127494814630461,921600,/home/joshuaz/sssm-states/reconstruction_experiments/results/recon_deltanet_20260524_113703/spectra.pt
deltanet,state,55,0.9158176834530704,921600,/home/joshuaz/sssm-states/reconstruction_experiments/results/recon_deltanet_20260524_113703/spectra.pt
deltanet,state,56,0.9188008412789697,921600,/home/joshuaz/sssm-states/reconstruction_experiments/results/recon_deltanet_20260524_113703/spectra.pt
deltanet,state,57,0.9217012770512096,921600,/home/joshuaz/sssm-states/reconstruction_experiments/results/recon_deltanet_20260524_113703/spectra.pt
deltanet,state,58,0.9245214061059948,921600,/home/joshuaz/sssm-states/reconstruction_experiments/results/recon_deltanet_20260524_113703/spectra.pt
deltanet,state,59,0.9272633436413248,921600,/home/joshuaz/sssm-states/reconstruction_experiments/results/recon_deltanet_20260524_113703/spectra.pt
deltanet,state,60,0.9299293278226709,921600,/home/joshuaz/sssm-states/reconstruction_experiments/results/recon_deltanet_20260524_113703/spectra.pt
deltanet,state,61,0.9325212943701536,921600,/home/joshuaz/sssm-states/reconstruction_experiments/results/recon_deltanet_20260524_113703/spectra.pt
deltanet,state,62,0.9350412985978094,921600,/home/joshuaz/sssm-states/reconstruction_experiments/results/recon_deltanet_20260524_113703/spectra.pt
deltanet,state,63,0.9374912361725524,921600,/home/joshuaz/sssm-states/reconstruction_experiments/results/recon_deltanet_20260524_113703/spectra.pt
deltanet,state,64,0.9398727998575491,921600,/home/joshuaz/sssm-states/reconstruction_experiments/results/recon_deltanet_20260524_113703/spectra.pt
deltanet,state,65,0.9421876998104404,921600,/home/joshuaz/sssm-states/reconstruction_experiments/results/recon_deltanet_20260524_113703/spectra.pt
deltanet,state,66,0.9444377030681821,921600,/home/joshuaz/sssm-states/reconstruction_experiments/results/recon_deltanet_20260524_113703/spectra.pt
deltanet,state,67,0.946624393890268,921600,/home/joshuaz/sssm-states/reconstruction_experiments/results/recon_deltanet_20260524_113703/spectra.pt
deltanet,state,68,0.9487492639790153,921600,/home/joshuaz/sssm-states/reconstruction_experiments/results/recon_deltanet_20260524_113703/spectra.pt
deltanet,state,69,0.9508137773463048,921600,/home/joshuaz/sssm-states/reconstruction_experiments/results/recon_deltanet_20260524_113703/spectra.pt
deltanet,state,70,0.9528193482104791,921600,/home/joshuaz/sssm-states/reconstruction_experiments/results/recon_deltanet_20260524_113703/spectra.pt
deltanet,state,71,0.954767374822486,921600,/home/joshuaz/sssm-states/reconstruction_experiments/results/recon_deltanet_20260524_113703/spectra.pt
deltanet,state,72,0.9566592268410661,921600,/home/joshuaz/sssm-states/reconstruction_experiments/results/recon_deltanet_20260524_113703/spectra.pt
deltanet,state,73,0.958496189279117,921600,/home/joshuaz/sssm-states/reconstruction_experiments/results/recon_deltanet_20260524_113703/spectra.pt
deltanet,state,74,0.9602794841634978,921600,/home/joshuaz/sssm-states/reconstruction_experiments/results/recon_deltanet_20260524_113703/spectra.pt
deltanet,state,75,0.962010311228036,921600,/home/joshuaz/sssm-states/reconstruction_experiments/results/recon_deltanet_20260524_113703/spectra.pt
deltanet,state,76,0.9636897561766998,921600,/home/joshuaz/sssm-states/reconstruction_experiments/results/recon_deltanet_20260524_113703/spectra.pt
deltanet,state,77,0.9653189829009514,921600,/home/joshuaz/sssm-states/reconstruction_experiments/results/recon_deltanet_20260524_113703/spectra.pt
deltanet,state,78,0.9668990554145442,921600,/home/joshuaz/sssm-states/reconstruction_experiments/results/recon_deltanet_20260524_113703/spectra.pt
deltanet,state,79,0.9684310816494001,921600,/home/joshuaz/sssm-states/reconstruction_experiments/results/recon_deltanet_20260524_113703/spectra.pt
deltanet,state,80,0.9699159897358974,921600,/home/joshuaz/sssm-states/reconstruction_experiments/results/recon_deltanet_20260524_113703/spectra.pt
deltanet,state,81,0.9713547685816838,921600,/home/joshuaz/sssm-states/reconstruction_experiments/results/recon_deltanet_20260524_113703/spectra.pt
deltanet,state,82,0.9727483890770409,921600,/home/joshuaz/sssm-states/reconstruction_experiments/results/recon_deltanet_20260524_113703/spectra.pt
deltanet,state,83,0.9740977162258009,921600,/home/joshuaz/sssm-states/reconstruction_experiments/results/recon_deltanet_20260524_113703/spectra.pt
deltanet,state,84,0.9754036971458736,921600,/home/joshuaz/sssm-states/reconstruction_experiments/results/recon_deltanet_20260524_113703/spectra.pt
deltanet,state,85,0.9766672220715809,921600,/home/joshuaz/sssm-states/reconstruction_experiments/results/recon_deltanet_20260524_113703/spectra.pt
deltanet,state,86,0.9778890562036191,921600,/home/joshuaz/sssm-states/reconstruction_experiments/results/recon_deltanet_20260524_113703/spectra.pt
deltanet,state,87,0.9790700656369516,921600,/home/joshuaz/sssm-states/reconstruction_experiments/results/recon_deltanet_20260524_113703/spectra.pt
deltanet,state,88,0.9802109833986108,921600,/home/joshuaz/sssm-states/reconstruction_experiments/results/recon_deltanet_20260524_113703/spectra.pt
deltanet,state,89,0.9813125882459567,921600,/home/joshuaz/sssm-states/reconstruction_experiments/results/recon_deltanet_20260524_113703/spectra.pt
deltanet,state,90,0.982375646659179,921600,/home/joshuaz/sssm-states/reconstruction_experiments/results/recon_deltanet_20260524_113703/spectra.pt
deltanet,state,91,0.9834008946333248,921600,/home/joshuaz/sssm-states/reconstruction_experiments/results/recon_deltanet_20260524_113703/spectra.pt
deltanet,state,92,0.9843890570734121,921600,/home/joshuaz/sssm-states/reconstruction_experiments/results/recon_deltanet_20260524_113703/spectra.pt
deltanet,state,93,0.985340796251729,921600,/home/joshuaz/sssm-states/reconstruction_experiments/results/recon_deltanet_20260524_113703/spectra.pt
deltanet,state,94,0.986256809992423,921600,/home/joshuaz/sssm-states/reconstruction_experiments/results/recon_deltanet_20260524_113703/spectra.pt
deltanet,state,95,0.9871377459199585,921600,/home/joshuaz/sssm-states/reconstruction_experiments/results/recon_deltanet_20260524_113703/spectra.pt
deltanet,state,96,0.9879842110425868,921600,/home/joshuaz/sssm-states/reconstruction_experiments/results/recon_deltanet_20260524_113703/spectra.pt
deltanet,state,97,0.9887968630399361,921600,/home/joshuaz/sssm-states/reconstruction_experiments/results/recon_deltanet_20260524_113703/spectra.pt
deltanet,state,98,0.9895763059470054,921600,/home/joshuaz/sssm-states/reconstruction_experiments/results/recon_deltanet_20260524_113703/spectra.pt
deltanet,state,99,0.9903231046393076,921600,/home/joshuaz/sssm-states/reconstruction_experiments/results/recon_deltanet_20260524_113703/spectra.pt
deltanet,state,100,0.9910378027088146,921600,/home/joshuaz/sssm-states/reconstruction_experiments/results/recon_deltanet_20260524_113703/spectra.pt
deltanet,state,101,0.9917209992626729,921600,/home/joshuaz/sssm-states/reconstruction_experiments/results/recon_deltanet_20260524_113703/spectra.pt
deltanet,state,102,0.9923732185010032,921600,/home/joshuaz/sssm-states/reconstruction_experiments/results/recon_deltanet_20260524_113703/spectra.pt
deltanet,state,103,0.9929950097887082,921600,/home/joshuaz/sssm-states/reconstruction_experiments/results/recon_deltanet_20260524_113703/spectra.pt
deltanet,state,104,0.9935869103802294,921600,/home/joshuaz/sssm-states/reconstruction_experiments/results/recon_deltanet_20260524_113703/spectra.pt
deltanet,state,105,0.9941493893303535,921600,/home/joshuaz/sssm-states/reconstruction_experiments/results/recon_deltanet_20260524_113703/spectra.pt
deltanet,state,106,0.9946829768654947,921600,/home/joshuaz/sssm-states/reconstruction_experiments/results/recon_deltanet_20260524_113703/spectra.pt
deltanet,state,107,0.9951881159722544,921600,/home/joshuaz/sssm-states/reconstruction_experiments/results/recon_deltanet_20260524_113703/spectra.pt
deltanet,state,108,0.9956653306137994,921600,/home/joshuaz/sssm-states/reconstruction_experiments/results/recon_deltanet_20260524_113703/spectra.pt
deltanet,state,109,0.9961150552848873,921600,/home/joshuaz/sssm-states/reconstruction_experiments/results/recon_deltanet_20260524_113703/spectra.pt
deltanet,state,110,0.9965377444379188,921600,/home/joshuaz/sssm-states/reconstruction_experiments/results/recon_deltanet_20260524_113703/spectra.pt
deltanet,state,111,0.9969338733192633,921600,/home/joshuaz/sssm-states/reconstruction_experiments/results/recon_deltanet_20260524_113703/spectra.pt
deltanet,state,112,0.9973038412185607,921600,/home/joshuaz/sssm-states/reconstruction_experiments/results/recon_deltanet_20260524_113703/spectra.pt
deltanet,state,113,0.9976480873749805,921600,/home/joshuaz/sssm-states/reconstruction_experiments/results/recon_deltanet_20260524_113703/spectra.pt
deltanet,state,114,0.9979670190857134,921600,/home/joshuaz/sssm-states/reconstruction_experiments/results/recon_deltanet_20260524_113703/spectra.pt
deltanet,state,115,0.9982610461962387,921600,/home/joshuaz/sssm-states/reconstruction_experiments/results/recon_deltanet_20260524_113703/spectra.pt
deltanet,state,116,0.9985305882962833,921600,/home/joshuaz/sssm-states/reconstruction_experiments/results/recon_deltanet_20260524_113703/spectra.pt
deltanet,state,117,0.9987760388946256,921600,/home/joshuaz/sssm-states/reconstruction_experiments/results/recon_deltanet_20260524_113703/spectra.pt
deltanet,state,118,0.9989977985525992,921600,/home/joshuaz/sssm-states/reconstruction_experiments/results/recon_deltanet_20260524_113703/spectra.pt
deltanet,state,119,0.9991962534884992,921600,/home/joshuaz/sssm-states/reconstruction_experiments/results/recon_deltanet_20260524_113703/spectra.pt
deltanet,state,120,0.9993717780056796,921600,/home/joshuaz/sssm-states/reconstruction_experiments/results/recon_deltanet_20260524_113703/spectra.pt
deltanet,state,121,0.9995247713035799,921600,/home/joshuaz/sssm-states/reconstruction_experiments/results/recon_deltanet_20260524_113703/spectra.pt
deltanet,state,122,0.9996556030507349,921600,/home/joshuaz/sssm-states/reconstruction_experiments/results/recon_deltanet_20260524_113703/spectra.pt
deltanet,state,123,0.999764680990616,921600,/home/joshuaz/sssm-states/reconstruction_experiments/results/recon_deltanet_20260524_113703/spectra.pt
deltanet,state,124,0.9998523706253994,921600,/home/joshuaz/sssm-states/reconstruction_experiments/results/recon_deltanet_20260524_113703/spectra.pt
deltanet,state,125,0.9999190887158311,921600,/home/joshuaz/sssm-states/reconstruction_experiments/results/recon_deltanet_20260524_113703/spectra.pt
deltanet,state,126,0.9999653383053422,921600,/home/joshuaz/sssm-states/reconstruction_experiments/results/recon_deltanet_20260524_113703/spectra.pt
deltanet,state,127,0.9999917008343839,921600,/home/joshuaz/sssm-states/reconstruction_experiments/results/recon_deltanet_20260524_113703/spectra.pt
deltanet,state,128,1.0,921600,/home/joshuaz/sssm-states/reconstruction_experiments/results/recon_deltanet_20260524_113703/spectra.pt
deltanet,random,1,0.018117647050662752,921600,/home/joshuaz/sssm-states/reconstruction_experiments/results/recon_deltanet_20260524_113703/spectra.pt
deltanet,random,2,0.03576274339930709,921600,/home/joshuaz/sssm-states/reconstruction_experiments/results/recon_deltanet_20260524_113703/spectra.pt
deltanet,random,3,0.05304745737544265,921600,/home/joshuaz/sssm-states/reconstruction_experiments/results/recon_deltanet_20260524_113703/spectra.pt
deltanet,random,4,0.07002146363762356,921600,/home/joshuaz/sssm-states/reconstruction_experiments/results/recon_deltanet_20260524_113703/spectra.pt
deltanet,random,5,0.08671416139151338,921600,/home/joshuaz/sssm-states/reconstruction_experiments/results/recon_deltanet_20260524_113703/spectra.pt
deltanet,random,6,0.10314612881865351,921600,/home/joshuaz/sssm-states/reconstruction_experiments/results/recon_deltanet_20260524_113703/spectra.pt
deltanet,random,7,0.11933320345594454,921600,/home/joshuaz/sssm-states/reconstruction_experiments/results/recon_deltanet_20260524_113703/spectra.pt
deltanet,random,8,0.13528725338979894,921600,/home/joshuaz/sssm-states/reconstruction_experiments/results/recon_deltanet_20260524_113703/spectra.pt
deltanet,random,9,0.15101831096493204,921600,/home/joshuaz/sssm-states/reconstruction_experiments/results/recon_deltanet_20260524_113703/spectra.pt
deltanet,random,10,0.1665346900124435,921600,/home/joshuaz/sssm-states/reconstruction_experiments/results/recon_deltanet_20260524_113703/spectra.pt
deltanet,random,11,0.1818433593204101,921600,/home/joshuaz/sssm-states/reconstruction_experiments/results/recon_deltanet_20260524_113703/spectra.pt
deltanet,random,12,0.19695063095418305,921600,/home/joshuaz/sssm-states/reconstruction_experiments/results/recon_deltanet_20260524_113703/spectra.pt
deltanet,random,13,0.21186196328763607,921600,/home/joshuaz/sssm-states/reconstruction_experiments/results/recon_deltanet_20260524_113703/spectra.pt
deltanet,random,14,0.22658206342719245,921600,/home/joshuaz/sssm-states/reconstruction_experiments/results/recon_deltanet_20260524_113703/spectra.pt
deltanet,random,15,0.2411154114455856,921600,/home/joshuaz/sssm-states/reconstruction_experiments/results/recon_deltanet_20260524_113703/spectra.pt
deltanet,random,16,0.25546582719777006,921600,/home/joshuaz/sssm-states/reconstruction_experiments/results/recon_deltanet_20260524_113703/spectra.pt
deltanet,random,17,0.2696366708742401,921600,/home/joshuaz/sssm-states/reconstruction_experiments/results/recon_deltanet_20260524_113703/spectra.pt
deltanet,random,18,0.2836314181745726,921600,/home/joshuaz/sssm-states/reconstruction_experiments/results/recon_deltanet_20260524_113703/spectra.pt
deltanet,random,19,0.2974529620919942,921600,/home/joshuaz/sssm-states/reconstruction_experiments/results/recon_deltanet_20260524_113703/spectra.pt
deltanet,random,20,0.31110430300579817,921600,/home/joshuaz/sssm-states/reconstruction_experiments/results/recon_deltanet_20260524_113703/spectra.pt
deltanet,random,21,0.32458791831752837,921600,/home/joshuaz/sssm-states/reconstruction_experiments/results/recon_deltanet_20260524_113703/spectra.pt
deltanet,random,22,0.3379059390222597,921600,/home/joshuaz/sssm-states/reconstruction_experiments/results/recon_deltanet_20260524_113703/spectra.pt
deltanet,random,23,0.35106065384058616,921600,/home/joshuaz/sssm-states/reconstruction_experiments/results/recon_deltanet_20260524_113703/spectra.pt
deltanet,random,24,0.364054351831626,921600,/home/joshuaz/sssm-states/reconstruction_experiments/results/recon_deltanet_20260524_113703/spectra.pt
deltanet,random,25,0.3768888134189942,921600,/home/joshuaz/sssm-states/reconstruction_experiments/results/recon_deltanet_20260524_113703/spectra.pt
deltanet,random,26,0.3895661410397311,921600,/home/joshuaz/sssm-states/reconstruction_experiments/results/recon_deltanet_20260524_113703/spectra.pt
deltanet,random,27,0.4020880376318307,921600,/home/joshuaz/sssm-states/reconstruction_experiments/results/recon_deltanet_20260524_113703/spectra.pt
deltanet,random,28,0.4144559672833577,921600,/home/joshuaz/sssm-states/reconstruction_experiments/results/recon_deltanet_20260524_113703/spectra.pt
deltanet,random,29,0.4266715623923355,921600,/home/joshuaz/sssm-states/reconstruction_experiments/results/recon_deltanet_20260524_113703/spectra.pt
deltanet,random,30,0.43873642646729333,921600,/home/joshuaz/sssm-states/reconstruction_experiments/results/recon_deltanet_20260524_113703/spectra.pt
deltanet,random,31,0.45065200769668845,921600,/home/joshuaz/sssm-states/reconstruction_experiments/results/recon_deltanet_20260524_113703/spectra.pt
deltanet,random,32,0.4624194505449479,921600,/home/joshuaz/sssm-states/reconstruction_experiments/results/recon_deltanet_20260524_113703/spectra.pt
deltanet,random,33,0.4740399228339747,921600,/home/joshuaz/sssm-states/reconstruction_experiments/results/recon_deltanet_20260524_113703/spectra.pt
deltanet,random,34,0.4855148701604778,921600,/home/joshuaz/sssm-states/reconstruction_experiments/results/recon_deltanet_20260524_113703/spectra.pt
deltanet,random,35,0.4968454165595984,921600,/home/joshuaz/sssm-states/reconstruction_experiments/results/recon_deltanet_20260524_113703/spectra.pt
deltanet,random,36,0.5080326516862484,921600,/home/joshuaz/sssm-states/reconstruction_experiments/results/recon_deltanet_20260524_113703/spectra.pt
deltanet,random,37,0.5190776840799692,921600,/home/joshuaz/sssm-states/reconstruction_experiments/results/recon_deltanet_20260524_113703/spectra.pt
deltanet,random,38,0.5299816129666243,921600,/home/joshuaz/sssm-states/reconstruction_experiments/results/recon_deltanet_20260524_113703/spectra.pt
deltanet,random,39,0.5407452444314489,921600,/home/joshuaz/sssm-states/reconstruction_experiments/results/recon_deltanet_20260524_113703/spectra.pt
deltanet,random,40,0.551369532225725,921600,/home/joshuaz/sssm-states/reconstruction_experiments/results/recon_deltanet_20260524_113703/spectra.pt
deltanet,random,41,0.5618554162146867,921600,/home/joshuaz/sssm-states/reconstruction_experiments/results/recon_deltanet_20260524_113703/spectra.pt
deltanet,random,42,0.5722037857719362,921600,/home/joshuaz/sssm-states/reconstruction_experiments/results/recon_deltanet_20260524_113703/spectra.pt
deltanet,random,43,0.5824155605557507,921600,/home/joshuaz/sssm-states/reconstruction_experiments/results/recon_deltanet_20260524_113703/spectra.pt
deltanet,random,44,0.5924915672537764,921600,/home/joshuaz/sssm-states/reconstruction_experiments/results/recon_deltanet_20260524_113703/spectra.pt
deltanet,random,45,0.6024325048225918,921600,/home/joshuaz/sssm-states/reconstruction_experiments/results/recon_deltanet_20260524_113703/spectra.pt
deltanet,random,46,0.6122391696248421,921600,/home/joshuaz/sssm-states/reconstruction_experiments/results/recon_deltanet_20260524_113703/spectra.pt
deltanet,random,47,0.6219122177494587,921600,/home/joshuaz/sssm-states/reconstruction_experiments/results/recon_deltanet_20260524_113703/spectra.pt
deltanet,random,48,0.6314522886371733,921600,/home/joshuaz/sssm-states/reconstruction_experiments/results/recon_deltanet_20260524_113703/spectra.pt
deltanet,random,49,0.6408602287892853,921600,/home/joshuaz/sssm-states/reconstruction_experiments/results/recon_deltanet_20260524_113703/spectra.pt
deltanet,random,50,0.6501365738231865,921600,/home/joshuaz/sssm-states/reconstruction_experiments/results/recon_deltanet_20260524_113703/spectra.pt
deltanet,random,51,0.6592819823929712,921600,/home/joshuaz/sssm-states/reconstruction_experiments/results/recon_deltanet_20260524_113703/spectra.pt
deltanet,random,52,0.6682970391759616,921600,/home/joshuaz/sssm-states/reconstruction_experiments/results/recon_deltanet_20260524_113703/spectra.pt
deltanet,random,53,0.6771825242400706,921600,/home/joshuaz/sssm-states/reconstruction_experiments/results/recon_deltanet_20260524_113703/spectra.pt
deltanet,random,54,0.6859388291326142,921600,/home/joshuaz/sssm-states/reconstruction_experiments/results/recon_deltanet_20260524_113703/spectra.pt
deltanet,random,55,0.694566558250333,921600,/home/joshuaz/sssm-states/reconstruction_experiments/results/recon_deltanet_20260524_113703/spectra.pt
deltanet,random,56,0.7030662506517612,921600,/home/joshuaz/sssm-states/reconstruction_experiments/results/recon_deltanet_20260524_113703/spectra.pt
deltanet,random,57,0.7114384034412524,921600,/home/joshuaz/sssm-states/reconstruction_experiments/results/recon_deltanet_20260524_113703/spectra.pt
deltanet,random,58,0.7196834874282593,921600,/home/joshuaz/sssm-states/reconstruction_experiments/results/recon_deltanet_20260524_113703/spectra.pt
deltanet,random,59,0.7278020795660712,921600,/home/joshuaz/sssm-states/reconstruction_experiments/results/recon_deltanet_20260524_113703/spectra.pt
deltanet,random,60,0.7357947431880251,921600,/home/joshuaz/sssm-states/reconstruction_experiments/results/recon_deltanet_20260524_113703/spectra.pt
deltanet,random,61,0.7436618014869082,921600,/home/joshuaz/sssm-states/reconstruction_experiments/results/recon_deltanet_20260524_113703/spectra.pt
deltanet,random,62,0.7514038158935675,921600,/home/joshuaz/sssm-states/reconstruction_experiments/results/recon_deltanet_20260524_113703/spectra.pt
deltanet,random,63,0.7590210611621945,921600,/home/joshuaz/sssm-states/reconstruction_experiments/results/recon_deltanet_20260524_113703/spectra.pt
deltanet,random,64,0.766514136649032,921600,/home/joshuaz/sssm-states/reconstruction_experiments/results/recon_deltanet_20260524_113703/spectra.pt
deltanet,random,65,0.7738832955719747,921600,/home/joshuaz/sssm-states/reconstruction_experiments/results/recon_deltanet_20260524_113703/spectra.pt
deltanet,random,66,0.7811289844719432,921600,/home/joshuaz/sssm-states/reconstruction_experiments/results/recon_deltanet_20260524_113703/spectra.pt
deltanet,random,67,0.7882516179241232,921600,/home/joshuaz/sssm-states/reconstruction_experiments/results/recon_deltanet_20260524_113703/spectra.pt
deltanet,random,68,0.79525149667481,921600,/home/joshuaz/sssm-states/reconstruction_experiments/results/recon_deltanet_20260524_113703/spectra.pt
deltanet,random,69,0.8021290969451944,921600,/home/joshuaz/sssm-states/reconstruction_experiments/results/recon_deltanet_20260524_113703/spectra.pt
deltanet,random,70,0.8088846949744576,921600,/home/joshuaz/sssm-states/reconstruction_experiments/results/recon_deltanet_20260524_113703/spectra.pt
deltanet,random,71,0.8155186004001148,921600,/home/joshuaz/sssm-states/reconstruction_experiments/results/recon_deltanet_20260524_113703/spectra.pt
deltanet,random,72,0.8220311357281158,921600,/home/joshuaz/sssm-states/reconstruction_experiments/results/recon_deltanet_20260524_113703/spectra.pt
deltanet,random,73,0.8284227532107166,921600,/home/joshuaz/sssm-states/reconstruction_experiments/results/recon_deltanet_20260524_113703/spectra.pt
deltanet,random,74,0.8346936675953642,921600,/home/joshuaz/sssm-states/reconstruction_experiments/results/recon_deltanet_20260524_113703/spectra.pt
deltanet,random,75,0.840844237224392,921600,/home/joshuaz/sssm-states/reconstruction_experiments/results/recon_deltanet_20260524_113703/spectra.pt
deltanet,random,76,0.8468747599482788,921600,/home/joshuaz/sssm-states/reconstruction_experiments/results/recon_deltanet_20260524_113703/spectra.pt
deltanet,random,77,0.8527855145450648,921600,/home/joshuaz/sssm-states/reconstruction_experiments/results/recon_deltanet_20260524_113703/spectra.pt
deltanet,random,78,0.8585767221156833,921600,/home/joshuaz/sssm-states/reconstruction_experiments/results/recon_deltanet_20260524_113703/spectra.pt
deltanet,random,79,0.8642486003015994,921600,/home/joshuaz/sssm-states/reconstruction_experiments/results/recon_deltanet_20260524_113703/spectra.pt
deltanet,random,80,0.8698014416141233,921600,/home/joshuaz/sssm-states/reconstruction_experiments/results/recon_deltanet_20260524_113703/spectra.pt
deltanet,random,81,0.8752354842126835,921600,/home/joshuaz/sssm-states/reconstruction_experiments/results/recon_deltanet_20260524_113703/spectra.pt
deltanet,random,82,0.8805511950991609,921600,/home/joshuaz/sssm-states/reconstruction_experiments/results/recon_deltanet_20260524_113703/spectra.pt
deltanet,random,83,0.8857487942295763,921600,/home/joshuaz/sssm-states/reconstruction_experiments/results/recon_deltanet_20260524_113703/spectra.pt
deltanet,random,84,0.8908284017121927,921600,/home/joshuaz/sssm-states/reconstruction_experiments/results/recon_deltanet_20260524_113703/spectra.pt
deltanet,random,85,0.8957901700104816,921600,/home/joshuaz/sssm-states/reconstruction_experiments/results/recon_deltanet_20260524_113703/spectra.pt
deltanet,random,86,0.900634329386996,921600,/home/joshuaz/sssm-states/reconstruction_experiments/results/recon_deltanet_20260524_113703/spectra.pt
deltanet,random,87,0.9053612013208584,921600,/home/joshuaz/sssm-states/reconstruction_experiments/results/recon_deltanet_20260524_113703/spectra.pt
deltanet,random,88,0.9099709288993085,921600,/home/joshuaz/sssm-states/reconstruction_experiments/results/recon_deltanet_20260524_113703/spectra.pt
deltanet,random,89,0.91446360861265,921600,/home/joshuaz/sssm-states/reconstruction_experiments/results/recon_deltanet_20260524_113703/spectra.pt
deltanet,random,90,0.9188396301210535,921600,/home/joshuaz/sssm-states/reconstruction_experiments/results/recon_deltanet_20260524_113703/spectra.pt
deltanet,random,91,0.9230991366697915,921600,/home/joshuaz/sssm-states/reconstruction_experiments/results/recon_deltanet_20260524_113703/spectra.pt
deltanet,random,92,0.9272422290218478,921600,/home/joshuaz/sssm-states/reconstruction_experiments/results/recon_deltanet_20260524_113703/spectra.pt
deltanet,random,93,0.9312691433147793,921600,/home/joshuaz/sssm-states/reconstruction_experiments/results/recon_deltanet_20260524_113703/spectra.pt
deltanet,random,94,0.935180003048893,921600,/home/joshuaz/sssm-states/reconstruction_experiments/results/recon_deltanet_20260524_113703/spectra.pt
deltanet,random,95,0.9389750271422662,921600,/home/joshuaz/sssm-states/reconstruction_experiments/results/recon_deltanet_20260524_113703/spectra.pt
deltanet,random,96,0.9426542087321222,921600,/home/joshuaz/sssm-states/reconstruction_experiments/results/recon_deltanet_20260524_113703/spectra.pt
deltanet,random,97,0.9462177145491343,921600,/home/joshuaz/sssm-states/reconstruction_experiments/results/recon_deltanet_20260524_113703/spectra.pt
deltanet,random,98,0.9496659194400103,921600,/home/joshuaz/sssm-states/reconstruction_experiments/results/recon_deltanet_20260524_113703/spectra.pt
deltanet,random,99,0.9529987553697167,921600,/home/joshuaz/sssm-states/reconstruction_experiments/results/recon_deltanet_20260524_113703/spectra.pt
deltanet,random,100,0.9562165061347336,921600,/home/joshuaz/sssm-states/reconstruction_experiments/results/recon_deltanet_20260524_113703/spectra.pt
deltanet,random,101,0.95931928885365,921600,/home/joshuaz/sssm-states/reconstruction_experiments/results/recon_deltanet_20260524_113703/spectra.pt
deltanet,random,102,0.9623071705722273,921600,/home/joshuaz/sssm-states/reconstruction_experiments/results/recon_deltanet_20260524_113703/spectra.pt
deltanet,random,103,0.9651803253901319,921600,/home/joshuaz/sssm-states/reconstruction_experiments/results/recon_deltanet_20260524_113703/spectra.pt
deltanet,random,104,0.9679387916842617,921600,/home/joshuaz/sssm-states/reconstruction_experiments/results/recon_deltanet_20260524_113703/spectra.pt
deltanet,random,105,0.9705826850407427,921600,/home/joshuaz/sssm-states/reconstruction_experiments/results/recon_deltanet_20260524_113703/spectra.pt
deltanet,random,106,0.973112188958007,921600,/home/joshuaz/sssm-states/reconstruction_experiments/results/recon_deltanet_20260524_113703/spectra.pt
deltanet,random,107,0.9755274475962521,921600,/home/joshuaz/sssm-states/reconstruction_experiments/results/recon_deltanet_20260524_113703/spectra.pt
deltanet,random,108,0.9778284667960774,921600,/home/joshuaz/sssm-states/reconstruction_experiments/results/recon_deltanet_20260524_113703/spectra.pt
deltanet,random,109,0.9800153371972645,921600,/home/joshuaz/sssm-states/reconstruction_experiments/results/recon_deltanet_20260524_113703/spectra.pt
deltanet,random,110,0.9820881110606308,921600,/home/joshuaz/sssm-states/reconstruction_experiments/results/recon_deltanet_20260524_113703/spectra.pt
deltanet,random,111,0.9840468408082291,921600,/home/joshuaz/sssm-states/reconstruction_experiments/results/recon_deltanet_20260524_113703/spectra.pt
deltanet,random,112,0.985891679137125,921600,/home/joshuaz/sssm-states/reconstruction_experiments/results/recon_deltanet_20260524_113703/spectra.pt
deltanet,random,113,0.9876226766712114,921600,/home/joshuaz/sssm-states/reconstruction_experiments/results/recon_deltanet_20260524_113703/spectra.pt
deltanet,random,114,0.9892399112954018,921600,/home/joshuaz/sssm-states/reconstruction_experiments/results/recon_deltanet_20260524_113703/spectra.pt
deltanet,random,115,0.9907436145121792,921600,/home/joshuaz/sssm-states/reconstruction_experiments/results/recon_deltanet_20260524_113703/spectra.pt
deltanet,random,116,0.99213370077674,921600,/home/joshuaz/sssm-states/reconstruction_experiments/results/recon_deltanet_20260524_113703/spectra.pt
deltanet,random,117,0.9934102879050826,921600,/home/joshuaz/sssm-states/reconstruction_experiments/results/recon_deltanet_20260524_113703/spectra.pt
deltanet,random,118,0.9945733004083052,921600,/home/joshuaz/sssm-states/reconstruction_experiments/results/recon_deltanet_20260524_113703/spectra.pt
deltanet,random,119,0.9956229103249341,921600,/home/joshuaz/sssm-states/reconstruction_experiments/results/recon_deltanet_20260524_113703/spectra.pt
deltanet,random,120,0.9965592213360882,921600,/home/joshuaz/sssm-states/reconstruction_experiments/results/recon_deltanet_20260524_113703/spectra.pt
deltanet,random,121,0.9973822469048491,921600,/home/joshuaz/sssm-states/reconstruction_experiments/results/recon_deltanet_20260524_113703/spectra.pt
deltanet,random,122,0.9980921736765039,921600,/home/joshuaz/sssm-states/reconstruction_experiments/results/recon_deltanet_20260524_113703/spectra.pt
deltanet,random,123,0.9986890465211932,921600,/home/joshuaz/sssm-states/reconstruction_experiments/results/recon_deltanet_20260524_113703/spectra.pt
deltanet,random,124,0.9991729822653828,921600,/home/joshuaz/sssm-states/reconstruction_experiments/results/recon_deltanet_20260524_113703/spectra.pt
deltanet,random,125,0.9995443306920339,921600,/home/joshuaz/sssm-states/reconstruction_experiments/results/recon_deltanet_20260524_113703/spectra.pt
deltanet,random,126,0.9998035919688009,921600,/home/joshuaz/sssm-states/reconstruction_experiments/results/recon_deltanet_20260524_113703/spectra.pt
deltanet,random,127,0.9999526756145509,921600,/home/joshuaz/sssm-states/reconstruction_experiments/results/recon_deltanet_20260524_113703/spectra.pt
deltanet,random,128,1.0,921600,/home/joshuaz/sssm-states/reconstruction_experiments/results/recon_deltanet_20260524_113703/spectra.pt
gated_deltanet,state,1,0.34933677966478444,460800,/home/joshuaz/sssm-states/reconstruction_experiments/results/recon_gated_deltanet_20260524_123245/spectra.pt
gated_deltanet,state,2,0.4804624913634347,460800,/home/joshuaz/sssm-states/reconstruction_experiments/results/recon_gated_deltanet_20260524_123245/spectra.pt
gated_deltanet,state,3,0.555120410003583,460800,/home/joshuaz/sssm-states/reconstruction_experiments/results/recon_gated_deltanet_20260524_123245/spectra.pt
gated_deltanet,state,4,0.6047604972387874,460800,/home/joshuaz/sssm-states/reconstruction_experiments/results/recon_gated_deltanet_20260524_123245/spectra.pt
gated_deltanet,state,5,0.641096151746205,460800,/home/joshuaz/sssm-states/reconstruction_experiments/results/recon_gated_deltanet_20260524_123245/spectra.pt
gated_deltanet,state,6,0.6694555091634558,460800,/home/joshuaz/sssm-states/reconstruction_experiments/results/recon_gated_deltanet_20260524_123245/spectra.pt
gated_deltanet,state,7,0.692553511583209,460800,/home/joshuaz/sssm-states/reconstruction_experiments/results/recon_gated_deltanet_20260524_123245/spectra.pt
gated_deltanet,state,8,0.7119204991629042,460800,/home/joshuaz/sssm-states/reconstruction_experiments/results/recon_gated_deltanet_20260524_123245/spectra.pt
gated_deltanet,state,9,0.7285379403761756,460800,/home/joshuaz/sssm-states/reconstruction_experiments/results/recon_gated_deltanet_20260524_123245/spectra.pt
gated_deltanet,state,10,0.7430398397950013,460800,/home/joshuaz/sssm-states/reconstruction_experiments/results/recon_gated_deltanet_20260524_123245/spectra.pt
gated_deltanet,state,11,0.7558760242340321,460800,/home/joshuaz/sssm-states/reconstruction_experiments/results/recon_gated_deltanet_20260524_123245/spectra.pt
gated_deltanet,state,12,0.7673576456762853,460800,/home/joshuaz/sssm-states/reconstruction_experiments/results/recon_gated_deltanet_20260524_123245/spectra.pt
gated_deltanet,state,13,0.7777170250812941,460800,/home/joshuaz/sssm-states/reconstruction_experiments/results/recon_gated_deltanet_20260524_123245/spectra.pt
gated_deltanet,state,14,0.7871341604790874,460800,/home/joshuaz/sssm-states/reconstruction_experiments/results/recon_gated_deltanet_20260524_123245/spectra.pt
gated_deltanet,state,15,0.7957523621024072,460800,/home/joshuaz/sssm-states/reconstruction_experiments/results/recon_gated_deltanet_20260524_123245/spectra.pt
gated_deltanet,state,16,0.8036827685927272,460800,/home/joshuaz/sssm-states/reconstruction_experiments/results/recon_gated_deltanet_20260524_123245/spectra.pt
gated_deltanet,state,17,0.8110184872789002,460800,/home/joshuaz/sssm-states/reconstruction_experiments/results/recon_gated_deltanet_20260524_123245/spectra.pt
gated_deltanet,state,18,0.8178376873480461,460800,/home/joshuaz/sssm-states/reconstruction_experiments/results/recon_gated_deltanet_20260524_123245/spectra.pt
gated_deltanet,state,19,0.8242004078420653,460800,/home/joshuaz/sssm-states/reconstruction_experiments/results/recon_gated_deltanet_20260524_123245/spectra.pt
gated_deltanet,state,20,0.8301587471152335,460800,/home/joshuaz/sssm-states/reconstruction_experiments/results/recon_gated_deltanet_20260524_123245/spectra.pt
gated_deltanet,state,21,0.835757006459193,460800,/home/joshuaz/sssm-states/reconstruction_experiments/results/recon_gated_deltanet_20260524_123245/spectra.pt
gated_deltanet,state,22,0.8410306107534178,460800,/home/joshuaz/sssm-states/reconstruction_experiments/results/recon_gated_deltanet_20260524_123245/spectra.pt
gated_deltanet,state,23,0.846011116980657,460800,/home/joshuaz/sssm-states/reconstruction_experiments/results/recon_gated_deltanet_20260524_123245/spectra.pt
gated_deltanet,state,24,0.8507256060622266,460800,/home/joshuaz/sssm-states/reconstruction_experiments/results/recon_gated_deltanet_20260524_123245/spectra.pt
gated_deltanet,state,25,0.8551974628621599,460800,/home/joshuaz/sssm-states/reconstruction_experiments/results/recon_gated_deltanet_20260524_123245/spectra.pt
gated_deltanet,state,26,0.8594479488037113,460800,/home/joshuaz/sssm-states/reconstruction_experiments/results/recon_gated_deltanet_20260524_123245/spectra.pt
gated_deltanet,state,27,0.8634951729597508,460800,/home/joshuaz/sssm-states/reconstruction_experiments/results/recon_gated_deltanet_20260524_123245/spectra.pt
gated_deltanet,state,28,0.8673558508301957,460800,/home/joshuaz/sssm-states/reconstruction_experiments/results/recon_gated_deltanet_20260524_123245/spectra.pt
gated_deltanet,state,29,0.8710438148476758,460800,/home/joshuaz/sssm-states/reconstruction_experiments/results/recon_gated_deltanet_20260524_123245/spectra.pt
gated_deltanet,state,30,0.8745720316814881,460800,/home/joshuaz/sssm-states/reconstruction_experiments/results/recon_gated_deltanet_20260524_123245/spectra.pt
gated_deltanet,state,31,0.8779514953288597,460800,/home/joshuaz/sssm-states/reconstruction_experiments/results/recon_gated_deltanet_20260524_123245/spectra.pt
gated_deltanet,state,32,0.8811925972792329,460800,/home/joshuaz/sssm-states/reconstruction_experiments/results/recon_gated_deltanet_20260524_123245/spectra.pt
gated_deltanet,state,33,0.8843041658071149,460800,/home/joshuaz/sssm-states/reconstruction_experiments/results/recon_gated_deltanet_20260524_123245/spectra.pt
gated_deltanet,state,34,0.8872947868032903,460800,/home/joshuaz/sssm-states/reconstruction_experiments/results/recon_gated_deltanet_20260524_123245/spectra.pt
gated_deltanet,state,35,0.8901723764083578,460800,/home/joshuaz/sssm-states/reconstruction_experiments/results/recon_gated_deltanet_20260524_123245/spectra.pt
gated_deltanet,state,36,0.892943558562031,460800,/home/joshuaz/sssm-states/reconstruction_experiments/results/recon_gated_deltanet_20260524_123245/spectra.pt
gated_deltanet,state,37,0.8956144659335497,460800,/home/joshuaz/sssm-states/reconstruction_experiments/results/recon_gated_deltanet_20260524_123245/spectra.pt
gated_deltanet,state,38,0.8981911227134844,460800,/home/joshuaz/sssm-states/reconstruction_experiments/results/recon_gated_deltanet_20260524_123245/spectra.pt
gated_deltanet,state,39,0.9006787489372184,460800,/home/joshuaz/sssm-states/reconstruction_experiments/results/recon_gated_deltanet_20260524_123245/spectra.pt
gated_deltanet,state,40,0.9030822690622498,460800,/home/joshuaz/sssm-states/reconstruction_experiments/results/recon_gated_deltanet_20260524_123245/spectra.pt
gated_deltanet,state,41,0.9054060885759714,460800,/home/joshuaz/sssm-states/reconstruction_experiments/results/recon_gated_deltanet_20260524_123245/spectra.pt
gated_deltanet,state,42,0.9076542923804367,460800,/home/joshuaz/sssm-states/reconstruction_experiments/results/recon_gated_deltanet_20260524_123245/spectra.pt
gated_deltanet,state,43,0.9098307985464404,460800,/home/joshuaz/sssm-states/reconstruction_experiments/results/recon_gated_deltanet_20260524_123245/spectra.pt
gated_deltanet,state,44,0.9119391414275287,460800,/home/joshuaz/sssm-states/reconstruction_experiments/results/recon_gated_deltanet_20260524_123245/spectra.pt
gated_deltanet,state,45,0.9139826305381401,460800,/home/joshuaz/sssm-states/reconstruction_experiments/results/recon_gated_deltanet_20260524_123245/spectra.pt
gated_deltanet,state,46,0.9159644239567271,460800,/home/joshuaz/sssm-states/reconstruction_experiments/results/recon_gated_deltanet_20260524_123245/spectra.pt
gated_deltanet,state,47,0.9178872362979715,460800,/home/joshuaz/sssm-states/reconstruction_experiments/results/recon_gated_deltanet_20260524_123245/spectra.pt
gated_deltanet,state,48,0.9197536309019864,460800,/home/joshuaz/sssm-states/reconstruction_experiments/results/recon_gated_deltanet_20260524_123245/spectra.pt
gated_deltanet,state,49,0.9215662338682472,460800,/home/joshuaz/sssm-states/reconstruction_experiments/results/recon_gated_deltanet_20260524_123245/spectra.pt
gated_deltanet,state,50,0.9233274238738742,460800,/home/joshuaz/sssm-states/reconstruction_experiments/results/recon_gated_deltanet_20260524_123245/spectra.pt
gated_deltanet,state,51,0.9250392835101785,460800,/home/joshuaz/sssm-states/reconstruction_experiments/results/recon_gated_deltanet_20260524_123245/spectra.pt
gated_deltanet,state,52,0.926703912855133,460800,/home/joshuaz/sssm-states/reconstruction_experiments/results/recon_gated_deltanet_20260524_123245/spectra.pt
gated_deltanet,state,53,0.9283231388659114,460800,/home/joshuaz/sssm-states/reconstruction_experiments/results/recon_gated_deltanet_20260524_123245/spectra.pt
gated_deltanet,state,54,0.9298988148301449,460800,/home/joshuaz/sssm-states/reconstruction_experiments/results/recon_gated_deltanet_20260524_123245/spectra.pt
gated_deltanet,state,55,0.9314326922645703,460800,/home/joshuaz/sssm-states/reconstruction_experiments/results/recon_gated_deltanet_20260524_123245/spectra.pt
gated_deltanet,state,56,0.9329262889156599,460800,/home/joshuaz/sssm-states/reconstruction_experiments/results/recon_gated_deltanet_20260524_123245/spectra.pt
gated_deltanet,state,57,0.9343811765491167,460800,/home/joshuaz/sssm-states/reconstruction_experiments/results/recon_gated_deltanet_20260524_123245/spectra.pt
gated_deltanet,state,58,0.9357987678910168,460800,/home/joshuaz/sssm-states/reconstruction_experiments/results/recon_gated_deltanet_20260524_123245/spectra.pt
gated_deltanet,state,59,0.9371804044029072,460800,/home/joshuaz/sssm-states/reconstruction_experiments/results/recon_gated_deltanet_20260524_123245/spectra.pt
gated_deltanet,state,60,0.9385273747451265,460800,/home/joshuaz/sssm-states/reconstruction_experiments/results/recon_gated_deltanet_20260524_123245/spectra.pt
gated_deltanet,state,61,0.93984087812588,460800,/home/joshuaz/sssm-states/reconstruction_experiments/results/recon_gated_deltanet_20260524_123245/spectra.pt
gated_deltanet,state,62,0.941122094011647,460800,/home/joshuaz/sssm-states/reconstruction_experiments/results/recon_gated_deltanet_20260524_123245/spectra.pt
gated_deltanet,state,63,0.9423721780937611,460800,/home/joshuaz/sssm-states/reconstruction_experiments/results/recon_gated_deltanet_20260524_123245/spectra.pt
gated_deltanet,state,64,0.9435921526753654,460800,/home/joshuaz/sssm-states/reconstruction_experiments/results/recon_gated_deltanet_20260524_123245/spectra.pt
gated_deltanet,state,65,0.9447830506498323,460800,/home/joshuaz/sssm-states/reconstruction_experiments/results/recon_gated_deltanet_20260524_123245/spectra.pt
gated_deltanet,state,66,0.9459457731842275,460800,/home/joshuaz/sssm-states/reconstruction_experiments/results/recon_gated_deltanet_20260524_123245/spectra.pt
gated_deltanet,state,67,0.9470812954533263,460800,/home/joshuaz/sssm-states/reconstruction_experiments/results/recon_gated_deltanet_20260524_123245/spectra.pt
gated_deltanet,state,68,0.9481904161702895,460800,/home/joshuaz/sssm-states/reconstruction_experiments/results/recon_gated_deltanet_20260524_123245/spectra.pt
gated_deltanet,state,69,0.9492739459805449,460800,/home/joshuaz/sssm-states/reconstruction_experiments/results/recon_gated_deltanet_20260524_123245/spectra.pt
gated_deltanet,state,70,0.9503326989805414,460800,/home/joshuaz/sssm-states/reconstruction_experiments/results/recon_gated_deltanet_20260524_123245/spectra.pt
gated_deltanet,state,71,0.9513674299810222,460800,/home/joshuaz/sssm-states/reconstruction_experiments/results/recon_gated_deltanet_20260524_123245/spectra.pt
gated_deltanet,state,72,0.9523788625887475,460800,/home/joshuaz/sssm-states/reconstruction_experiments/results/recon_gated_deltanet_20260524_123245/spectra.pt
gated_deltanet,state,73,0.953367698132494,460800,/home/joshuaz/sssm-states/reconstruction_experiments/results/recon_gated_deltanet_20260524_123245/spectra.pt
gated_deltanet,state,74,0.9543345520353935,460800,/home/joshuaz/sssm-states/reconstruction_experiments/results/recon_gated_deltanet_20260524_123245/spectra.pt
gated_deltanet,state,75,0.9552801390156549,460800,/home/joshuaz/sssm-states/reconstruction_experiments/results/recon_gated_deltanet_20260524_123245/spectra.pt
gated_deltanet,state,76,0.9562050867621242,460800,/home/joshuaz/sssm-states/reconstruction_experiments/results/recon_gated_deltanet_20260524_123245/spectra.pt
gated_deltanet,state,77,0.9571098921894079,460800,/home/joshuaz/sssm-states/reconstruction_experiments/results/recon_gated_deltanet_20260524_123245/spectra.pt
gated_deltanet,state,78,0.9579951543110873,460800,/home/joshuaz/sssm-states/reconstruction_experiments/results/recon_gated_deltanet_20260524_123245/spectra.pt
gated_deltanet,state,79,0.958861383123167,460800,/home/joshuaz/sssm-states/reconstruction_experiments/results/recon_gated_deltanet_20260524_123245/spectra.pt
gated_deltanet,state,80,0.9597091240437369,460800,/home/joshuaz/sssm-states/reconstruction_experiments/results/recon_gated_deltanet_20260524_123245/spectra.pt
gated_deltanet,state,81,0.9605389017982762,460800,/home/joshuaz/sssm-states/reconstruction_experiments/results/recon_gated_deltanet_20260524_123245/spectra.pt
gated_deltanet,state,82,0.9613511902516942,460800,/home/joshuaz/sssm-states/reconstruction_experiments/results/recon_gated_deltanet_20260524_123245/spectra.pt
gated_deltanet,state,83,0.9621464063382378,460800,/home/joshuaz/sssm-states/reconstruction_experiments/results/recon_gated_deltanet_20260524_123245/spectra.pt
gated_deltanet,state,84,0.9629249795719727,460800,/home/joshuaz/sssm-states/reconstruction_experiments/results/recon_gated_deltanet_20260524_123245/spectra.pt
gated_deltanet,state,85,0.9636874055381671,460800,/home/joshuaz/sssm-states/reconstruction_experiments/results/recon_gated_deltanet_20260524_123245/spectra.pt
gated_deltanet,state,86,0.9644340927256416,460800,/home/joshuaz/sssm-states/reconstruction_experiments/results/recon_gated_deltanet_20260524_123245/spectra.pt
gated_deltanet,state,87,0.9651654521831785,460800,/home/joshuaz/sssm-states/reconstruction_experiments/results/recon_gated_deltanet_20260524_123245/spectra.pt
gated_deltanet,state,88,0.9658818546445367,460800,/home/joshuaz/sssm-states/reconstruction_experiments/results/recon_gated_deltanet_20260524_123245/spectra.pt
gated_deltanet,state,89,0.9665836430563559,460800,/home/joshuaz/sssm-states/reconstruction_experiments/results/recon_gated_deltanet_20260524_123245/spectra.pt
gated_deltanet,state,90,0.9672712265412934,460800,/home/joshuaz/sssm-states/reconstruction_experiments/results/recon_gated_deltanet_20260524_123245/spectra.pt
gated_deltanet,state,91,0.9679449162391613,460800,/home/joshuaz/sssm-states/reconstruction_experiments/results/recon_gated_deltanet_20260524_123245/spectra.pt
gated_deltanet,state,92,0.9686050447484277,460800,/home/joshuaz/sssm-states/reconstruction_experiments/results/recon_gated_deltanet_20260524_123245/spectra.pt
gated_deltanet,state,93,0.9692519349521279,460800,/home/joshuaz/sssm-states/reconstruction_experiments/results/recon_gated_deltanet_20260524_123245/spectra.pt
gated_deltanet,state,94,0.9698859443047988,460800,/home/joshuaz/sssm-states/reconstruction_experiments/results/recon_gated_deltanet_20260524_123245/spectra.pt
gated_deltanet,state,95,0.9705073456078496,460800,/home/joshuaz/sssm-states/reconstruction_experiments/results/recon_gated_deltanet_20260524_123245/spectra.pt
gated_deltanet,state,96,0.9711164556643774,460800,/home/joshuaz/sssm-states/reconstruction_experiments/results/recon_gated_deltanet_20260524_123245/spectra.pt
gated_deltanet,state,97,0.9717135856349397,460800,/home/joshuaz/sssm-states/reconstruction_experiments/results/recon_gated_deltanet_20260524_123245/spectra.pt
gated_deltanet,state,98,0.9722989897745662,460800,/home/joshuaz/sssm-states/reconstruction_experiments/results/recon_gated_deltanet_20260524_123245/spectra.pt
gated_deltanet,state,99,0.9728729264076764,460800,/home/joshuaz/sssm-states/reconstruction_experiments/results/recon_gated_deltanet_20260524_123245/spectra.pt
gated_deltanet,state,100,0.9734356459007402,460800,/home/joshuaz/sssm-states/reconstruction_experiments/results/recon_gated_deltanet_20260524_123245/spectra.pt
gated_deltanet,state,101,0.9739874117422999,460800,/home/joshuaz/sssm-states/reconstruction_experiments/results/recon_gated_deltanet_20260524_123245/spectra.pt
gated_deltanet,state,102,0.9745284613810407,460800,/home/joshuaz/sssm-states/reconstruction_experiments/results/recon_gated_deltanet_20260524_123245/spectra.pt
gated_deltanet,state,103,0.975059039986789,460800,/home/joshuaz/sssm-states/reconstruction_experiments/results/recon_gated_deltanet_20260524_123245/spectra.pt
gated_deltanet,state,104,0.9755793734163247,460800,/home/joshuaz/sssm-states/reconstruction_experiments/results/recon_gated_deltanet_20260524_123245/spectra.pt
gated_deltanet,state,105,0.9760896963164781,460800,/home/joshuaz/sssm-states/reconstruction_experiments/results/recon_gated_deltanet_20260524_123245/spectra.pt
gated_deltanet,state,106,0.9765902249585365,460800,/home/joshuaz/sssm-states/reconstruction_experiments/results/recon_gated_deltanet_20260524_123245/spectra.pt
gated_deltanet,state,107,0.9770811836877334,460800,/home/joshuaz/sssm-states/reconstruction_experiments/results/recon_gated_deltanet_20260524_123245/spectra.pt
gated_deltanet,state,108,0.9775627574781942,460800,/home/joshuaz/sssm-states/reconstruction_experiments/results/recon_gated_deltanet_20260524_123245/spectra.pt
gated_deltanet,state,109,0.9780351381239214,460800,/home/joshuaz/sssm-states/reconstruction_experiments/results/recon_gated_deltanet_20260524_123245/spectra.pt
gated_deltanet,state,110,0.978498519842653,460800,/home/joshuaz/sssm-states/reconstruction_experiments/results/recon_gated_deltanet_20260524_123245/spectra.pt
gated_deltanet,state,111,0.9789530955957826,460800,/home/joshuaz/sssm-states/reconstruction_experiments/results/recon_gated_deltanet_20260524_123245/spectra.pt
gated_deltanet,state,112,0.9793990566392637,460800,/home/joshuaz/sssm-states/reconstruction_experiments/results/recon_gated_deltanet_20260524_123245/spectra.pt
gated_deltanet,state,113,0.9798365835668272,460800,/home/joshuaz/sssm-states/reconstruction_experiments/results/recon_gated_deltanet_20260524_123245/spectra.pt
gated_deltanet,state,114,0.9802658439576906,460800,/home/joshuaz/sssm-states/reconstruction_experiments/results/recon_gated_deltanet_20260524_123245/spectra.pt
gated_deltanet,state,115,0.9806870178958494,460800,/home/joshuaz/sssm-states/reconstruction_experiments/results/recon_gated_deltanet_20260524_123245/spectra.pt
gated_deltanet,state,116,0.981100252487974,460800,/home/joshuaz/sssm-states/reconstruction_experiments/results/recon_gated_deltanet_20260524_123245/spectra.pt
gated_deltanet,state,117,0.9815057215767513,460800,/home/joshuaz/sssm-states/reconstruction_experiments/results/recon_gated_deltanet_20260524_123245/spectra.pt
gated_deltanet,state,118,0.9819035856450654,460800,/home/joshuaz/sssm-states/reconstruction_experiments/results/recon_gated_deltanet_20260524_123245/spectra.pt
gated_deltanet,state,119,0.9822939842571886,460800,/home/joshuaz/sssm-states/reconstruction_experiments/results/recon_gated_deltanet_20260524_123245/spectra.pt
gated_deltanet,state,120,0.9826770615881832,460800,/home/joshuaz/sssm-states/reconstruction_experiments/results/recon_gated_deltanet_20260524_123245/spectra.pt
gated_deltanet,state,121,0.9830529779754502,460800,/home/joshuaz/sssm-states/reconstruction_experiments/results/recon_gated_deltanet_20260524_123245/spectra.pt
gated_deltanet,state,122,0.9834218581492458,460800,/home/joshuaz/sssm-states/reconstruction_experiments/results/recon_gated_deltanet_20260524_123245/spectra.pt
gated_deltanet,state,123,0.9837838416357507,460800,/home/joshuaz/sssm-states/reconstruction_experiments/results/recon_gated_deltanet_20260524_123245/spectra.pt
gated_deltanet,state,124,0.9841390756047432,460800,/home/joshuaz/sssm-states/reconstruction_experiments/results/recon_gated_deltanet_20260524_123245/spectra.pt
gated_deltanet,state,125,0.9844876847241198,460800,/home/joshuaz/sssm-states/reconstruction_experiments/results/recon_gated_deltanet_20260524_123245/spectra.pt
gated_deltanet,state,126,0.9848297970222237,460800,/home/joshuaz/sssm-states/reconstruction_experiments/results/recon_gated_deltanet_20260524_123245/spectra.pt
gated_deltanet,state,127,0.9851655461292764,460800,/home/joshuaz/sssm-states/reconstruction_experiments/results/recon_gated_deltanet_20260524_123245/spectra.pt
gated_deltanet,state,128,0.9854950294311816,460800,/home/joshuaz/sssm-states/reconstruction_experiments/results/recon_gated_deltanet_20260524_123245/spectra.pt
gated_deltanet,state,129,0.9858183914531309,460800,/home/joshuaz/sssm-states/reconstruction_experiments/results/recon_gated_deltanet_20260524_123245/spectra.pt
gated_deltanet,state,130,0.9861357317748497,460800,/home/joshuaz/sssm-states/reconstruction_experiments/results/recon_gated_deltanet_20260524_123245/spectra.pt
gated_deltanet,state,131,0.9864471560884182,460800,/home/joshuaz/sssm-states/reconstruction_experiments/results/recon_gated_deltanet_20260524_123245/spectra.pt
gated_deltanet,state,132,0.9867527782969527,460800,/home/joshuaz/sssm-states/reconstruction_experiments/results/recon_gated_deltanet_20260524_123245/spectra.pt
gated_deltanet,state,133,0.98705271077087,460800,/home/joshuaz/sssm-states/reconstruction_experiments/results/recon_gated_deltanet_20260524_123245/spectra.pt
gated_deltanet,state,134,0.9873470497840859,460800,/home/joshuaz/sssm-states/reconstruction_experiments/results/recon_gated_deltanet_20260524_123245/spectra.pt
gated_deltanet,state,135,0.9876359171316137,460800,/home/joshuaz/sssm-states/reconstruction_experiments/results/recon_gated_deltanet_20260524_123245/spectra.pt
gated_deltanet,state,136,0.9879193837140218,460800,/home/joshuaz/sssm-states/reconstruction_experiments/results/recon_gated_deltanet_20260524_123245/spectra.pt
gated_deltanet,state,137,0.9881975563265791,460800,/home/joshuaz/sssm-states/reconstruction_experiments/results/recon_gated_deltanet_20260524_123245/spectra.pt
gated_deltanet,state,138,0.9884705547320681,460800,/home/joshuaz/sssm-states/reconstruction_experiments/results/recon_gated_deltanet_20260524_123245/spectra.pt
gated_deltanet,state,139,0.9887384545481877,460800,/home/joshuaz/sssm-states/reconstruction_experiments/results/recon_gated_deltanet_20260524_123245/spectra.pt
gated_deltanet,state,140,0.9890013512766822,460800,/home/joshuaz/sssm-states/reconstruction_experiments/results/recon_gated_deltanet_20260524_123245/spectra.pt
gated_deltanet,state,141,0.9892593321256772,460800,/home/joshuaz/sssm-states/reconstruction_experiments/results/recon_gated_deltanet_20260524_123245/spectra.pt
gated_deltanet,state,142,0.989512475523168,460800,/home/joshuaz/sssm-states/reconstruction_experiments/results/recon_gated_deltanet_20260524_123245/spectra.pt
gated_deltanet,state,143,0.9897608795678896,460800,/home/joshuaz/sssm-states/reconstruction_experiments/results/recon_gated_deltanet_20260524_123245/spectra.pt
gated_deltanet,state,144,0.9900046292448959,460800,/home/joshuaz/sssm-states/reconstruction_experiments/results/recon_gated_deltanet_20260524_123245/spectra.pt
gated_deltanet,state,145,0.9902437994810025,460800,/home/joshuaz/sssm-states/reconstruction_experiments/results/recon_gated_deltanet_20260524_123245/spectra.pt
gated_deltanet,state,146,0.9904784645755691,460800,/home/joshuaz/sssm-states/reconstruction_experiments/results/recon_gated_deltanet_20260524_123245/spectra.pt
gated_deltanet,state,147,0.9907087142642755,460800,/home/joshuaz/sssm-states/reconstruction_experiments/results/recon_gated_deltanet_20260524_123245/spectra.pt
gated_deltanet,state,148,0.9909346118619374,460800,/home/joshuaz/sssm-states/reconstruction_experiments/results/recon_gated_deltanet_20260524_123245/spectra.pt
gated_deltanet,state,149,0.9911562460337239,460800,/home/joshuaz/sssm-states/reconstruction_experiments/results/recon_gated_deltanet_20260524_123245/spectra.pt
gated_deltanet,state,150,0.9913737007767597,460800,/home/joshuaz/sssm-states/reconstruction_experiments/results/recon_gated_deltanet_20260524_123245/spectra.pt
gated_deltanet,state,151,0.991587031891593,460800,/home/joshuaz/sssm-states/reconstruction_experiments/results/recon_gated_deltanet_20260524_123245/spectra.pt
gated_deltanet,state,152,0.9917963111999557,460800,/home/joshuaz/sssm-states/reconstruction_experiments/results/recon_gated_deltanet_20260524_123245/spectra.pt
gated_deltanet,state,153,0.9920016133656413,460800,/home/joshuaz/sssm-states/reconstruction_experiments/results/recon_gated_deltanet_20260524_123245/spectra.pt
gated_deltanet,state,154,0.9922030035849383,460800,/home/joshuaz/sssm-states/reconstruction_experiments/results/recon_gated_deltanet_20260524_123245/spectra.pt
gated_deltanet,state,155,0.9924005436844934,460800,/home/joshuaz/sssm-states/reconstruction_experiments/results/recon_gated_deltanet_20260524_123245/spectra.pt
gated_deltanet,state,156,0.9925942897193121,460800,/home/joshuaz/sssm-states/reconstruction_experiments/results/recon_gated_deltanet_20260524_123245/spectra.pt
gated_deltanet,state,157,0.9927843177964155,460800,/home/joshuaz/sssm-states/reconstruction_experiments/results/recon_gated_deltanet_20260524_123245/spectra.pt
gated_deltanet,state,158,0.9929706904100669,460800,/home/joshuaz/sssm-states/reconstruction_experiments/results/recon_gated_deltanet_20260524_123245/spectra.pt
gated_deltanet,state,159,0.9931534598942101,460800,/home/joshuaz/sssm-states/reconstruction_experiments/results/recon_gated_deltanet_20260524_123245/spectra.pt
gated_deltanet,state,160,0.9933326934115755,460800,/home/joshuaz/sssm-states/reconstruction_experiments/results/recon_gated_deltanet_20260524_123245/spectra.pt
gated_deltanet,state,161,0.9935084572400631,460800,/home/joshuaz/sssm-states/reconstruction_experiments/results/recon_gated_deltanet_20260524_123245/spectra.pt
gated_deltanet,state,162,0.993680801961484,460800,/home/joshuaz/sssm-states/reconstruction_experiments/results/recon_gated_deltanet_20260524_123245/spectra.pt
gated_deltanet,state,163,0.9938497757801168,460800,/home/joshuaz/sssm-states/reconstruction_experiments/results/recon_gated_deltanet_20260524_123245/spectra.pt
gated_deltanet,state,164,0.9940154335813961,460800,/home/joshuaz/sssm-states/reconstruction_experiments/results/recon_gated_deltanet_20260524_123245/spectra.pt
gated_deltanet,state,165,0.9941778467739353,460800,/home/joshuaz/sssm-states/reconstruction_experiments/results/recon_gated_deltanet_20260524_123245/spectra.pt
gated_deltanet,state,166,0.9943370509335037,460800,/home/joshuaz/sssm-states/reconstruction_experiments/results/recon_gated_deltanet_20260524_123245/spectra.pt
gated_deltanet,state,167,0.9944931103002872,460800,/home/joshuaz/sssm-states/reconstruction_experiments/results/recon_gated_deltanet_20260524_123245/spectra.pt
gated_deltanet,state,168,0.9946460709631,460800,/home/joshuaz/sssm-states/reconstruction_experiments/results/recon_gated_deltanet_20260524_123245/spectra.pt
gated_deltanet,state,169,0.9947959740264214,460800,/home/joshuaz/sssm-states/reconstruction_experiments/results/recon_gated_deltanet_20260524_123245/spectra.pt
gated_deltanet,state,170,0.9949428799730562,460800,/home/joshuaz/sssm-states/reconstruction_experiments/results/recon_gated_deltanet_20260524_123245/spectra.pt
gated_deltanet,state,171,0.9950868230149629,460800,/home/joshuaz/sssm-states/reconstruction_experiments/results/recon_gated_deltanet_20260524_123245/spectra.pt
gated_deltanet,state,172,0.9952278556835082,460800,/home/joshuaz/sssm-states/reconstruction_experiments/results/recon_gated_deltanet_20260524_123245/spectra.pt
gated_deltanet,state,173,0.9953660180257586,460800,/home/joshuaz/sssm-states/reconstruction_experiments/results/recon_gated_deltanet_20260524_123245/spectra.pt
gated_deltanet,state,174,0.9955013725503928,460800,/home/joshuaz/sssm-states/reconstruction_experiments/results/recon_gated_deltanet_20260524_123245/spectra.pt
gated_deltanet,state,175,0.9956339494529587,460800,/home/joshuaz/sssm-states/reconstruction_experiments/results/recon_gated_deltanet_20260524_123245/spectra.pt
gated_deltanet,state,176,0.9957637956412666,460800,/home/joshuaz/sssm-states/reconstruction_experiments/results/recon_gated_deltanet_20260524_123245/spectra.pt
gated_deltanet,state,177,0.9958909550905614,460800,/home/joshuaz/sssm-states/reconstruction_experiments/results/recon_gated_deltanet_20260524_123245/spectra.pt
gated_deltanet,state,178,0.9960154623007217,460800,/home/joshuaz/sssm-states/reconstruction_experiments/results/recon_gated_deltanet_20260524_123245/spectra.pt
gated_deltanet,state,179,0.9961373677320565,460800,/home/joshuaz/sssm-states/reconstruction_experiments/results/recon_gated_deltanet_20260524_123245/spectra.pt
gated_deltanet,state,180,0.9962567043723449,460800,/home/joshuaz/sssm-states/reconstruction_experiments/results/recon_gated_deltanet_20260524_123245/spectra.pt
gated_deltanet,state,181,0.9963735166643273,460800,/home/joshuaz/sssm-states/reconstruction_experiments/results/recon_gated_deltanet_20260524_123245/spectra.pt
gated_deltanet,state,182,0.9964878387919138,460800,/home/joshuaz/sssm-states/reconstruction_experiments/results/recon_gated_deltanet_20260524_123245/spectra.pt
gated_deltanet,state,183,0.9965997073434457,460800,/home/joshuaz/sssm-states/reconstruction_experiments/results/recon_gated_deltanet_20260524_123245/spectra.pt
gated_deltanet,state,184,0.996709166120177,460800,/home/joshuaz/sssm-states/reconstruction_experiments/results/recon_gated_deltanet_20260524_123245/spectra.pt
gated_deltanet,state,185,0.9968162464626967,460800,/home/joshuaz/sssm-states/reconstruction_experiments/results/recon_gated_deltanet_20260524_123245/spectra.pt
gated_deltanet,state,186,0.9969209958945218,460800,/home/joshuaz/sssm-states/reconstruction_experiments/results/recon_gated_deltanet_20260524_123245/spectra.pt
gated_deltanet,state,187,0.9970234486526611,460800,/home/joshuaz/sssm-states/reconstruction_experiments/results/recon_gated_deltanet_20260524_123245/spectra.pt
gated_deltanet,state,188,0.997123633478345,460800,/home/joshuaz/sssm-states/reconstruction_experiments/results/recon_gated_deltanet_20260524_123245/spectra.pt
gated_deltanet,state,189,0.9972215808787588,460800,/home/joshuaz/sssm-states/reconstruction_experiments/results/recon_gated_deltanet_20260524_123245/spectra.pt
gated_deltanet,state,190,0.9973173252765766,460800,/home/joshuaz/sssm-states/reconstruction_experiments/results/recon_gated_deltanet_20260524_123245/spectra.pt
gated_deltanet,state,191,0.99741089716784,460800,/home/joshuaz/sssm-states/reconstruction_experiments/results/recon_gated_deltanet_20260524_123245/spectra.pt
gated_deltanet,state,192,0.9975023389229855,460800,/home/joshuaz/sssm-states/reconstruction_experiments/results/recon_gated_deltanet_20260524_123245/spectra.pt
gated_deltanet,state,193,0.9975916745533214,460800,/home/joshuaz/sssm-states/reconstruction_experiments/results/recon_gated_deltanet_20260524_123245/spectra.pt
gated_deltanet,state,194,0.9976789325622709,460800,/home/joshuaz/sssm-states/reconstruction_experiments/results/recon_gated_deltanet_20260524_123245/spectra.pt
gated_deltanet,state,195,0.9977641451397512,460800,/home/joshuaz/sssm-states/reconstruction_experiments/results/recon_gated_deltanet_20260524_123245/spectra.pt
gated_deltanet,state,196,0.9978473495553394,460800,/home/joshuaz/sssm-states/reconstruction_experiments/results/recon_gated_deltanet_20260524_123245/spectra.pt
gated_deltanet,state,197,0.997928568880742,460800,/home/joshuaz/sssm-states/reconstruction_experiments/results/recon_gated_deltanet_20260524_123245/spectra.pt
gated_deltanet,state,198,0.9980078283676278,460800,/home/joshuaz/sssm-states/reconstruction_experiments/results/recon_gated_deltanet_20260524_123245/spectra.pt
gated_deltanet,state,199,0.9980851558756669,460800,/home/joshuaz/sssm-states/reconstruction_experiments/results/recon_gated_deltanet_20260524_123245/spectra.pt
gated_deltanet,state,200,0.9981605854278939,460800,/home/joshuaz/sssm-states/reconstruction_experiments/results/recon_gated_deltanet_20260524_123245/spectra.pt
gated_deltanet,state,201,0.9982341397582509,460800,/home/joshuaz/sssm-states/reconstruction_experiments/results/recon_gated_deltanet_20260524_123245/spectra.pt
gated_deltanet,state,202,0.998305842033945,460800,/home/joshuaz/sssm-states/reconstruction_experiments/results/recon_gated_deltanet_20260524_123245/spectra.pt
gated_deltanet,state,203,0.9983757236230167,460800,/home/joshuaz/sssm-states/reconstruction_experiments/results/recon_gated_deltanet_20260524_123245/spectra.pt
gated_deltanet,state,204,0.9984438079535014,460800,/home/joshuaz/sssm-states/reconstruction_experiments/results/recon_gated_deltanet_20260524_123245/spectra.pt
gated_deltanet,state,205,0.9985101227515949,460800,/home/joshuaz/sssm-states/reconstruction_experiments/results/recon_gated_deltanet_20260524_123245/spectra.pt
gated_deltanet,state,206,0.9985746879124723,460800,/home/joshuaz/sssm-states/reconstruction_experiments/results/recon_gated_deltanet_20260524_123245/spectra.pt
gated_deltanet,state,207,0.9986375309458189,460800,/home/joshuaz/sssm-states/reconstruction_experiments/results/recon_gated_deltanet_20260524_123245/spectra.pt
gated_deltanet,state,208,0.9986986746118242,460800,/home/joshuaz/sssm-states/reconstruction_experiments/results/recon_gated_deltanet_20260524_123245/spectra.pt
gated_deltanet,state,209,0.9987581396241615,460800,/home/joshuaz/sssm-states/reconstruction_experiments/results/recon_gated_deltanet_20260524_123245/spectra.pt
gated_deltanet,state,210,0.9988159522364662,460800,/home/joshuaz/sssm-states/reconstruction_experiments/results/recon_gated_deltanet_20260524_123245/spectra.pt
gated_deltanet,state,211,0.9988721386766001,460800,/home/joshuaz/sssm-states/reconstruction_experiments/results/recon_gated_deltanet_20260524_123245/spectra.pt
gated_deltanet,state,212,0.9989267197101714,460800,/home/joshuaz/sssm-states/reconstruction_experiments/results/recon_gated_deltanet_20260524_123245/spectra.pt
gated_deltanet,state,213,0.9989797157723935,460800,/home/joshuaz/sssm-states/reconstruction_experiments/results/recon_gated_deltanet_20260524_123245/spectra.pt
gated_deltanet,state,214,0.9990311456504383,460800,/home/joshuaz/sssm-states/reconstruction_experiments/results/recon_gated_deltanet_20260524_123245/spectra.pt
gated_deltanet,state,215,0.9990810312820289,460800,/home/joshuaz/sssm-states/reconstruction_experiments/results/recon_gated_deltanet_20260524_123245/spectra.pt
gated_deltanet,state,216,0.999129392965426,460800,/home/joshuaz/sssm-states/reconstruction_experiments/results/recon_gated_deltanet_20260524_123245/spectra.pt
gated_deltanet,state,217,0.9991762527360791,460800,/home/joshuaz/sssm-states/reconstruction_experiments/results/recon_gated_deltanet_20260524_123245/spectra.pt
gated_deltanet,state,218,0.9992216259161353,460800,/home/joshuaz/sssm-states/reconstruction_experiments/results/recon_gated_deltanet_20260524_123245/spectra.pt
gated_deltanet,state,219,0.999265534831849,460800,/home/joshuaz/sssm-states/reconstruction_experiments/results/recon_gated_deltanet_20260524_123245/spectra.pt
gated_deltanet,state,220,0.9993079934712479,460800,/home/joshuaz/sssm-states/reconstruction_experiments/results/recon_gated_deltanet_20260524_123245/spectra.pt
gated_deltanet,state,221,0.999349018477805,460800,/home/joshuaz/sssm-states/reconstruction_experiments/results/recon_gated_deltanet_20260524_123245/spectra.pt
gated_deltanet,state,222,0.9993886320193365,460800,/home/joshuaz/sssm-states/reconstruction_experiments/results/recon_gated_deltanet_20260524_123245/spectra.pt
gated_deltanet,state,223,0.9994268517131196,460800,/home/joshuaz/sssm-states/reconstruction_experiments/results/recon_gated_deltanet_20260524_123245/spectra.pt
gated_deltanet,state,224,0.9994636969363363,460800,/home/joshuaz/sssm-states/reconstruction_experiments/results/recon_gated_deltanet_20260524_123245/spectra.pt
gated_deltanet,state,225,0.9994991817570867,460800,/home/joshuaz/sssm-states/reconstruction_experiments/results/recon_gated_deltanet_20260524_123245/spectra.pt
gated_deltanet,state,226,0.999533320497001,460800,/home/joshuaz/sssm-states/reconstruction_experiments/results/recon_gated_deltanet_20260524_123245/spectra.pt
gated_deltanet,state,227,0.9995661335005704,460800,/home/joshuaz/sssm-states/reconstruction_experiments/results/recon_gated_deltanet_20260524_123245/spectra.pt
gated_deltanet,state,228,0.9995976349321234,460800,/home/joshuaz/sssm-states/reconstruction_experiments/results/recon_gated_deltanet_20260524_123245/spectra.pt
gated_deltanet,state,229,0.9996278415259376,460800,/home/joshuaz/sssm-states/reconstruction_experiments/results/recon_gated_deltanet_20260524_123245/spectra.pt
gated_deltanet,state,230,0.9996567643779456,460800,/home/joshuaz/sssm-states/reconstruction_experiments/results/recon_gated_deltanet_20260524_123245/spectra.pt
gated_deltanet,state,231,0.999684423226716,460800,/home/joshuaz/sssm-states/reconstruction_experiments/results/recon_gated_deltanet_20260524_123245/spectra.pt
gated_deltanet,state,232,0.9997108280166362,460800,/home/joshuaz/sssm-states/reconstruction_experiments/results/recon_gated_deltanet_20260524_123245/spectra.pt
gated_deltanet,state,233,0.9997359939485376,460800,/home/joshuaz/sssm-states/reconstruction_experiments/results/recon_gated_deltanet_20260524_123245/spectra.pt
gated_deltanet,state,234,0.999759933205495,460800,/home/joshuaz/sssm-states/reconstruction_experiments/results/recon_gated_deltanet_20260524_123245/spectra.pt
gated_deltanet,state,235,0.9997826571083078,460800,/home/joshuaz/sssm-states/reconstruction_experiments/results/recon_gated_deltanet_20260524_123245/spectra.pt
gated_deltanet,state,236,0.9998041813744134,460800,/home/joshuaz/sssm-states/reconstruction_experiments/results/recon_gated_deltanet_20260524_123245/spectra.pt
gated_deltanet,state,237,0.9998245224258862,460800,/home/joshuaz/sssm-states/reconstruction_experiments/results/recon_gated_deltanet_20260524_123245/spectra.pt
gated_deltanet,state,238,0.9998436888402106,460800,/home/joshuaz/sssm-states/reconstruction_experiments/results/recon_gated_deltanet_20260524_123245/spectra.pt
gated_deltanet,state,239,0.9998616907602532,460800,/home/joshuaz/sssm-states/reconstruction_experiments/results/recon_gated_deltanet_20260524_123245/spectra.pt
gated_deltanet,state,240,0.9998785397738583,460800,/home/joshuaz/sssm-states/reconstruction_experiments/results/recon_gated_deltanet_20260524_123245/spectra.pt
gated_deltanet,state,241,0.9998942465593614,460800,/home/joshuaz/sssm-states/reconstruction_experiments/results/recon_gated_deltanet_20260524_123245/spectra.pt
gated_deltanet,state,242,0.9999088242597624,460800,/home/joshuaz/sssm-states/reconstruction_experiments/results/recon_gated_deltanet_20260524_123245/spectra.pt
gated_deltanet,state,243,0.9999222799935473,460800,/home/joshuaz/sssm-states/reconstruction_experiments/results/recon_gated_deltanet_20260524_123245/spectra.pt
gated_deltanet,state,244,0.9999346225589265,460800,/home/joshuaz/sssm-states/reconstruction_experiments/results/recon_gated_deltanet_20260524_123245/spectra.pt
gated_deltanet,state,245,0.9999458701275832,460800,/home/joshuaz/sssm-states/reconstruction_experiments/results/recon_gated_deltanet_20260524_123245/spectra.pt
gated_deltanet,state,246,0.9999560216947643,460800,/home/joshuaz/sssm-states/reconstruction_experiments/results/recon_gated_deltanet_20260524_123245/spectra.pt
gated_deltanet,state,247,0.9999650920482638,460800,/home/joshuaz/sssm-states/reconstruction_experiments/results/recon_gated_deltanet_20260524_123245/spectra.pt
gated_deltanet,state,248,0.9999730893137452,460800,/home/joshuaz/sssm-states/reconstruction_experiments/results/recon_gated_deltanet_20260524_123245/spectra.pt
gated_deltanet,state,249,0.9999800231802994,460800,/home/joshuaz/sssm-states/reconstruction_experiments/results/recon_gated_deltanet_20260524_123245/spectra.pt
gated_deltanet,state,250,0.9999859016416133,460800,/home/joshuaz/sssm-states/reconstruction_experiments/results/recon_gated_deltanet_20260524_123245/spectra.pt
gated_deltanet,state,251,0.9999907289574026,460800,/home/joshuaz/sssm-states/reconstruction_experiments/results/recon_gated_deltanet_20260524_123245/spectra.pt
gated_deltanet,state,252,0.9999945176087132,460800,/home/joshuaz/sssm-states/reconstruction_experiments/results/recon_gated_deltanet_20260524_123245/spectra.pt
gated_deltanet,state,253,0.9999972815627299,460800,/home/joshuaz/sssm-states/reconstruction_experiments/results/recon_gated_deltanet_20260524_123245/spectra.pt
gated_deltanet,state,254,0.9999990372296605,460800,/home/joshuaz/sssm-states/reconstruction_experiments/results/recon_gated_deltanet_20260524_123245/spectra.pt
gated_deltanet,state,255,0.9999998432941893,460800,/home/joshuaz/sssm-states/reconstruction_experiments/results/recon_gated_deltanet_20260524_123245/spectra.pt
gated_deltanet,state,256,1.0,460800,/home/joshuaz/sssm-states/reconstruction_experiments/results/recon_gated_deltanet_20260524_123245/spectra.pt
gated_deltanet,random,1,0.009113545538249994,460800,/home/joshuaz/sssm-states/reconstruction_experiments/results/recon_gated_deltanet_20260524_123245/spectra.pt
gated_deltanet,random,2,0.018078620322965897,460800,/home/joshuaz/sssm-states/reconstruction_experiments/results/recon_gated_deltanet_20260524_123245/spectra.pt
gated_deltanet,random,3,0.026930779450651775,460800,/home/joshuaz/sssm-states/reconstruction_experiments/results/recon_gated_deltanet_20260524_123245/spectra.pt
gated_deltanet,random,4,0.03568563876629684,460800,/home/joshuaz/sssm-states/reconstruction_experiments/results/recon_gated_deltanet_20260524_123245/spectra.pt
gated_deltanet,random,5,0.04435259912058627,460800,/home/joshuaz/sssm-states/reconstruction_experiments/results/recon_gated_deltanet_20260524_123245/spectra.pt
gated_deltanet,random,6,0.05293815456948932,460800,/home/joshuaz/sssm-states/reconstruction_experiments/results/recon_gated_deltanet_20260524_123245/spectra.pt
gated_deltanet,random,7,0.061447252096997904,460800,/home/joshuaz/sssm-states/reconstruction_experiments/results/recon_gated_deltanet_20260524_123245/spectra.pt
gated_deltanet,random,8,0.06988386040513393,460800,/home/joshuaz/sssm-states/reconstruction_experiments/results/recon_gated_deltanet_20260524_123245/spectra.pt
gated_deltanet,random,9,0.07825105400075831,460800,/home/joshuaz/sssm-states/reconstruction_experiments/results/recon_gated_deltanet_20260524_123245/spectra.pt
gated_deltanet,random,10,0.0865514964888791,460800,/home/joshuaz/sssm-states/reconstruction_experiments/results/recon_gated_deltanet_20260524_123245/spectra.pt
gated_deltanet,random,11,0.09478742036448203,460800,/home/joshuaz/sssm-states/reconstruction_experiments/results/recon_gated_deltanet_20260524_123245/spectra.pt
gated_deltanet,random,12,0.10296089474985066,460800,/home/joshuaz/sssm-states/reconstruction_experiments/results/recon_gated_deltanet_20260524_123245/spectra.pt
gated_deltanet,random,13,0.11107361445320543,460800,/home/joshuaz/sssm-states/reconstruction_experiments/results/recon_gated_deltanet_20260524_123245/spectra.pt
gated_deltanet,random,14,0.11912706174727021,460800,/home/joshuaz/sssm-states/reconstruction_experiments/results/recon_gated_deltanet_20260524_123245/spectra.pt
gated_deltanet,random,15,0.1271226421716692,460800,/home/joshuaz/sssm-states/reconstruction_experiments/results/recon_gated_deltanet_20260524_123245/spectra.pt
gated_deltanet,random,16,0.13506161899769464,460800,/home/joshuaz/sssm-states/reconstruction_experiments/results/recon_gated_deltanet_20260524_123245/spectra.pt
gated_deltanet,random,17,0.14294530448067272,460800,/home/joshuaz/sssm-states/reconstruction_experiments/results/recon_gated_deltanet_20260524_123245/spectra.pt
gated_deltanet,random,18,0.15077465825078262,460800,/home/joshuaz/sssm-states/reconstruction_experiments/results/recon_gated_deltanet_20260524_123245/spectra.pt
gated_deltanet,random,19,0.15855065254060602,460800,/home/joshuaz/sssm-states/reconstruction_experiments/results/recon_gated_deltanet_20260524_123245/spectra.pt
gated_deltanet,random,20,0.16627415663426504,460800,/home/joshuaz/sssm-states/reconstruction_experiments/results/recon_gated_deltanet_20260524_123245/spectra.pt
gated_deltanet,random,21,0.17394604420645868,460800,/home/joshuaz/sssm-states/reconstruction_experiments/results/recon_gated_deltanet_20260524_123245/spectra.pt
gated_deltanet,random,22,0.18156707749368295,460800,/home/joshuaz/sssm-states/reconstruction_experiments/results/recon_gated_deltanet_20260524_123245/spectra.pt
gated_deltanet,random,23,0.18913794434247594,460800,/home/joshuaz/sssm-states/reconstruction_experiments/results/recon_gated_deltanet_20260524_123245/spectra.pt
gated_deltanet,random,24,0.19665937532004418,460800,/home/joshuaz/sssm-states/reconstruction_experiments/results/recon_gated_deltanet_20260524_123245/spectra.pt
gated_deltanet,random,25,0.20413204674495755,460800,/home/joshuaz/sssm-states/reconstruction_experiments/results/recon_gated_deltanet_20260524_123245/spectra.pt
gated_deltanet,random,26,0.21155651406986856,460800,/home/joshuaz/sssm-states/reconstruction_experiments/results/recon_gated_deltanet_20260524_123245/spectra.pt
gated_deltanet,random,27,0.21893340275199238,460800,/home/joshuaz/sssm-states/reconstruction_experiments/results/recon_gated_deltanet_20260524_123245/spectra.pt
gated_deltanet,random,28,0.22626318388873073,460800,/home/joshuaz/sssm-states/reconstruction_experiments/results/recon_gated_deltanet_20260524_123245/spectra.pt
gated_deltanet,random,29,0.23354640222209883,460800,/home/joshuaz/sssm-states/reconstruction_experiments/results/recon_gated_deltanet_20260524_123245/spectra.pt
gated_deltanet,random,30,0.240783586191155,460800,/home/joshuaz/sssm-states/reconstruction_experiments/results/recon_gated_deltanet_20260524_123245/spectra.pt
gated_deltanet,random,31,0.2479752407787127,460800,/home/joshuaz/sssm-states/reconstruction_experiments/results/recon_gated_deltanet_20260524_123245/spectra.pt
gated_deltanet,random,32,0.25512176438009304,460800,/home/joshuaz/sssm-states/reconstruction_experiments/results/recon_gated_deltanet_20260524_123245/spectra.pt
gated_deltanet,random,33,0.2622235743135299,460800,/home/joshuaz/sssm-states/reconstruction_experiments/results/recon_gated_deltanet_20260524_123245/spectra.pt
gated_deltanet,random,34,0.269281079409363,460800,/home/joshuaz/sssm-states/reconstruction_experiments/results/recon_gated_deltanet_20260524_123245/spectra.pt
gated_deltanet,random,35,0.2762946968500897,460800,/home/joshuaz/sssm-states/reconstruction_experiments/results/recon_gated_deltanet_20260524_123245/spectra.pt
gated_deltanet,random,36,0.28326479997715265,460800,/home/joshuaz/sssm-states/reconstruction_experiments/results/recon_gated_deltanet_20260524_123245/spectra.pt
gated_deltanet,random,37,0.2901917823974888,460800,/home/joshuaz/sssm-states/reconstruction_experiments/results/recon_gated_deltanet_20260524_123245/spectra.pt
gated_deltanet,random,38,0.2970758811795849,460800,/home/joshuaz/sssm-states/reconstruction_experiments/results/recon_gated_deltanet_20260524_123245/spectra.pt
gated_deltanet,random,39,0.30391755275020216,460800,/home/joshuaz/sssm-states/reconstruction_experiments/results/recon_gated_deltanet_20260524_123245/spectra.pt
gated_deltanet,random,40,0.3107171379003934,460800,/home/joshuaz/sssm-states/reconstruction_experiments/results/recon_gated_deltanet_20260524_123245/spectra.pt
gated_deltanet,random,41,0.3174749063563005,460800,/home/joshuaz/sssm-states/reconstruction_experiments/results/recon_gated_deltanet_20260524_123245/spectra.pt
gated_deltanet,random,42,0.3241911451383225,460800,/home/joshuaz/sssm-states/reconstruction_experiments/results/recon_gated_deltanet_20260524_123245/spectra.pt
gated_deltanet,random,43,0.33086610603853756,460800,/home/joshuaz/sssm-states/reconstruction_experiments/results/recon_gated_deltanet_20260524_123245/spectra.pt
gated_deltanet,random,44,0.3375001699801817,460800,/home/joshuaz/sssm-states/reconstruction_experiments/results/recon_gated_deltanet_20260524_123245/spectra.pt
gated_deltanet,random,45,0.344093550186468,460800,/home/joshuaz/sssm-states/reconstruction_experiments/results/recon_gated_deltanet_20260524_123245/spectra.pt
gated_deltanet,random,46,0.3506465181955799,460800,/home/joshuaz/sssm-states/reconstruction_experiments/results/recon_gated_deltanet_20260524_123245/spectra.pt
gated_deltanet,random,47,0.35715932195911754,460800,/home/joshuaz/sssm-states/reconstruction_experiments/results/recon_gated_deltanet_20260524_123245/spectra.pt
gated_deltanet,random,48,0.36363224339083616,460800,/home/joshuaz/sssm-states/reconstruction_experiments/results/recon_gated_deltanet_20260524_123245/spectra.pt
gated_deltanet,random,49,0.3700654908990917,460800,/home/joshuaz/sssm-states/reconstruction_experiments/results/recon_gated_deltanet_20260524_123245/spectra.pt
gated_deltanet,random,50,0.37645925605024627,460800,/home/joshuaz/sssm-states/reconstruction_experiments/results/recon_gated_deltanet_20260524_123245/spectra.pt
gated_deltanet,random,51,0.38281370868532866,460800,/home/joshuaz/sssm-states/reconstruction_experiments/results/recon_gated_deltanet_20260524_123245/spectra.pt
gated_deltanet,random,52,0.38912922239393133,460800,/home/joshuaz/sssm-states/reconstruction_experiments/results/recon_gated_deltanet_20260524_123245/spectra.pt
gated_deltanet,random,53,0.3954059836179864,460800,/home/joshuaz/sssm-states/reconstruction_experiments/results/recon_gated_deltanet_20260524_123245/spectra.pt
gated_deltanet,random,54,0.4016441876339935,460800,/home/joshuaz/sssm-states/reconstruction_experiments/results/recon_gated_deltanet_20260524_123245/spectra.pt
gated_deltanet,random,55,0.40784399593849957,460800,/home/joshuaz/sssm-states/reconstruction_experiments/results/recon_gated_deltanet_20260524_123245/spectra.pt
gated_deltanet,random,56,0.41400561411232045,460800,/home/joshuaz/sssm-states/reconstruction_experiments/results/recon_gated_deltanet_20260524_123245/spectra.pt
gated_deltanet,random,57,0.42012921810292436,460800,/home/joshuaz/sssm-states/reconstruction_experiments/results/recon_gated_deltanet_20260524_123245/spectra.pt
gated_deltanet,random,58,0.42621507581985196,460800,/home/joshuaz/sssm-states/reconstruction_experiments/results/recon_gated_deltanet_20260524_123245/spectra.pt
gated_deltanet,random,59,0.43226328964848026,460800,/home/joshuaz/sssm-states/reconstruction_experiments/results/recon_gated_deltanet_20260524_123245/spectra.pt
gated_deltanet,random,60,0.43827405245043083,460800,/home/joshuaz/sssm-states/reconstruction_experiments/results/recon_gated_deltanet_20260524_123245/spectra.pt
gated_deltanet,random,61,0.44424752494567055,460800,/home/joshuaz/sssm-states/reconstruction_experiments/results/recon_gated_deltanet_20260524_123245/spectra.pt
gated_deltanet,random,62,0.4501838693549327,460800,/home/joshuaz/sssm-states/reconstruction_experiments/results/recon_gated_deltanet_20260524_123245/spectra.pt
gated_deltanet,random,63,0.4560833037756273,460800,/home/joshuaz/sssm-states/reconstruction_experiments/results/recon_gated_deltanet_20260524_123245/spectra.pt
gated_deltanet,random,64,0.4619459254052053,460800,/home/joshuaz/sssm-states/reconstruction_experiments/results/recon_gated_deltanet_20260524_123245/spectra.pt
gated_deltanet,random,65,0.46777194199489247,460800,/home/joshuaz/sssm-states/reconstruction_experiments/results/recon_gated_deltanet_20260524_123245/spectra.pt
gated_deltanet,random,66,0.4735614614616954,460800,/home/joshuaz/sssm-states/reconstruction_experiments/results/recon_gated_deltanet_20260524_123245/spectra.pt
gated_deltanet,random,67,0.4793146566050052,460800,/home/joshuaz/sssm-states/reconstruction_experiments/results/recon_gated_deltanet_20260524_123245/spectra.pt
gated_deltanet,random,68,0.4850317304956453,460800,/home/joshuaz/sssm-states/reconstruction_experiments/results/recon_gated_deltanet_20260524_123245/spectra.pt
gated_deltanet,random,69,0.49071278672787727,460800,/home/joshuaz/sssm-states/reconstruction_experiments/results/recon_gated_deltanet_20260524_123245/spectra.pt
gated_deltanet,random,70,0.496357933938662,460800,/home/joshuaz/sssm-states/reconstruction_experiments/results/recon_gated_deltanet_20260524_123245/spectra.pt
gated_deltanet,random,71,0.5019673486607877,460800,/home/joshuaz/sssm-states/reconstruction_experiments/results/recon_gated_deltanet_20260524_123245/spectra.pt
gated_deltanet,random,72,0.5075411128770578,460800,/home/joshuaz/sssm-states/reconstruction_experiments/results/recon_gated_deltanet_20260524_123245/spectra.pt
gated_deltanet,random,73,0.5130794338282396,460800,/home/joshuaz/sssm-states/reconstruction_experiments/results/recon_gated_deltanet_20260524_123245/spectra.pt
gated_deltanet,random,74,0.5185823903723847,460800,/home/joshuaz/sssm-states/reconstruction_experiments/results/recon_gated_deltanet_20260524_123245/spectra.pt
gated_deltanet,random,75,0.5240500915664683,460800,/home/joshuaz/sssm-states/reconstruction_experiments/results/recon_gated_deltanet_20260524_123245/spectra.pt
gated_deltanet,random,76,0.5294826915361871,460800,/home/joshuaz/sssm-states/reconstruction_experiments/results/recon_gated_deltanet_20260524_123245/spectra.pt
gated_deltanet,random,77,0.534880318432686,460800,/home/joshuaz/sssm-states/reconstruction_experiments/results/recon_gated_deltanet_20260524_123245/spectra.pt
gated_deltanet,random,78,0.5402431034774164,460800,/home/joshuaz/sssm-states/reconstruction_experiments/results/recon_gated_deltanet_20260524_123245/spectra.pt
gated_deltanet,random,79,0.5455710943665159,460800,/home/joshuaz/sssm-states/reconstruction_experiments/results/recon_gated_deltanet_20260524_123245/spectra.pt
gated_deltanet,random,80,0.5508644601731613,460800,/home/joshuaz/sssm-states/reconstruction_experiments/results/recon_gated_deltanet_20260524_123245/spectra.pt
gated_deltanet,random,81,0.5561233247021112,460800,/home/joshuaz/sssm-states/reconstruction_experiments/results/recon_gated_deltanet_20260524_123245/spectra.pt
gated_deltanet,random,82,0.5613477492781856,460800,/home/joshuaz/sssm-states/reconstruction_experiments/results/recon_gated_deltanet_20260524_123245/spectra.pt
gated_deltanet,random,83,0.566537848714377,460800,/home/joshuaz/sssm-states/reconstruction_experiments/results/recon_gated_deltanet_20260524_123245/spectra.pt
gated_deltanet,random,84,0.5716937381295126,460800,/home/joshuaz/sssm-states/reconstruction_experiments/results/recon_gated_deltanet_20260524_123245/spectra.pt
gated_deltanet,random,85,0.5768155355863875,460800,/home/joshuaz/sssm-states/reconstruction_experiments/results/recon_gated_deltanet_20260524_123245/spectra.pt
gated_deltanet,random,86,0.5819033403243834,460800,/home/joshuaz/sssm-states/reconstruction_experiments/results/recon_gated_deltanet_20260524_123245/spectra.pt
gated_deltanet,random,87,0.5869572903358612,460800,/home/joshuaz/sssm-states/reconstruction_experiments/results/recon_gated_deltanet_20260524_123245/spectra.pt
gated_deltanet,random,88,0.5919774988623114,460800,/home/joshuaz/sssm-states/reconstruction_experiments/results/recon_gated_deltanet_20260524_123245/spectra.pt
gated_deltanet,random,89,0.596963952827607,460800,/home/joshuaz/sssm-states/reconstruction_experiments/results/recon_gated_deltanet_20260524_123245/spectra.pt
gated_deltanet,random,90,0.6019167974023645,460800,/home/joshuaz/sssm-states/reconstruction_experiments/results/recon_gated_deltanet_20260524_123245/spectra.pt
gated_deltanet,random,91,0.6068361410219338,460800,/home/joshuaz/sssm-states/reconstruction_experiments/results/recon_gated_deltanet_20260524_123245/spectra.pt
gated_deltanet,random,92,0.6117220713666818,460800,/home/joshuaz/sssm-states/reconstruction_experiments/results/recon_gated_deltanet_20260524_123245/spectra.pt
gated_deltanet,random,93,0.6165746661702401,460800,/home/joshuaz/sssm-states/reconstruction_experiments/results/recon_gated_deltanet_20260524_123245/spectra.pt
gated_deltanet,random,94,0.6213939846360492,460800,/home/joshuaz/sssm-states/reconstruction_experiments/results/recon_gated_deltanet_20260524_123245/spectra.pt
gated_deltanet,random,95,0.6261801758490345,460800,/home/joshuaz/sssm-states/reconstruction_experiments/results/recon_gated_deltanet_20260524_123245/spectra.pt
gated_deltanet,random,96,0.6309333320162039,460800,/home/joshuaz/sssm-states/reconstruction_experiments/results/recon_gated_deltanet_20260524_123245/spectra.pt
gated_deltanet,random,97,0.635653516172796,460800,/home/joshuaz/sssm-states/reconstruction_experiments/results/recon_gated_deltanet_20260524_123245/spectra.pt
gated_deltanet,random,98,0.6403407554983365,460800,/home/joshuaz/sssm-states/reconstruction_experiments/results/recon_gated_deltanet_20260524_123245/spectra.pt
gated_deltanet,random,99,0.6449951787375808,460800,/home/joshuaz/sssm-states/reconstruction_experiments/results/recon_gated_deltanet_20260524_123245/spectra.pt
gated_deltanet,random,100,0.6496168365589933,460800,/home/joshuaz/sssm-states/reconstruction_experiments/results/recon_gated_deltanet_20260524_123245/spectra.pt
gated_deltanet,random,101,0.6542057962552604,460800,/home/joshuaz/sssm-states/reconstruction_experiments/results/recon_gated_deltanet_20260524_123245/spectra.pt
gated_deltanet,random,102,0.6587621712650571,460800,/home/joshuaz/sssm-states/reconstruction_experiments/results/recon_gated_deltanet_20260524_123245/spectra.pt
gated_deltanet,random,103,0.6632860616643939,460800,/home/joshuaz/sssm-states/reconstruction_experiments/results/recon_gated_deltanet_20260524_123245/spectra.pt
gated_deltanet,random,104,0.6677774865870214,460800,/home/joshuaz/sssm-states/reconstruction_experiments/results/recon_gated_deltanet_20260524_123245/spectra.pt
gated_deltanet,random,105,0.6722365189618412,460800,/home/joshuaz/sssm-states/reconstruction_experiments/results/recon_gated_deltanet_20260524_123245/spectra.pt
gated_deltanet,random,106,0.6766632462037326,460800,/home/joshuaz/sssm-states/reconstruction_experiments/results/recon_gated_deltanet_20260524_123245/spectra.pt
gated_deltanet,random,107,0.6810577816527164,460800,/home/joshuaz/sssm-states/reconstruction_experiments/results/recon_gated_deltanet_20260524_123245/spectra.pt
gated_deltanet,random,108,0.6854202034805759,460800,/home/joshuaz/sssm-states/reconstruction_experiments/results/recon_gated_deltanet_20260524_123245/spectra.pt
gated_deltanet,random,109,0.6897505003732782,460800,/home/joshuaz/sssm-states/reconstruction_experiments/results/recon_gated_deltanet_20260524_123245/spectra.pt
gated_deltanet,random,110,0.6940487334012532,460800,/home/joshuaz/sssm-states/reconstruction_experiments/results/recon_gated_deltanet_20260524_123245/spectra.pt
gated_deltanet,random,111,0.6983150082753047,460800,/home/joshuaz/sssm-states/reconstruction_experiments/results/recon_gated_deltanet_20260524_123245/spectra.pt
gated_deltanet,random,112,0.702549393068688,460800,/home/joshuaz/sssm-states/reconstruction_experiments/results/recon_gated_deltanet_20260524_123245/spectra.pt
gated_deltanet,random,113,0.7067519783807169,460800,/home/joshuaz/sssm-states/reconstruction_experiments/results/recon_gated_deltanet_20260524_123245/spectra.pt
gated_deltanet,random,114,0.7109228260789985,460800,/home/joshuaz/sssm-states/reconstruction_experiments/results/recon_gated_deltanet_20260524_123245/spectra.pt
gated_deltanet,random,115,0.7150619471464268,460800,/home/joshuaz/sssm-states/reconstruction_experiments/results/recon_gated_deltanet_20260524_123245/spectra.pt
gated_deltanet,random,116,0.7191694251273801,460800,/home/joshuaz/sssm-states/reconstruction_experiments/results/recon_gated_deltanet_20260524_123245/spectra.pt
gated_deltanet,random,117,0.7232453429835564,460800,/home/joshuaz/sssm-states/reconstruction_experiments/results/recon_gated_deltanet_20260524_123245/spectra.pt
gated_deltanet,random,118,0.7272897550883783,460800,/home/joshuaz/sssm-states/reconstruction_experiments/results/recon_gated_deltanet_20260524_123245/spectra.pt
gated_deltanet,random,119,0.7313027119688845,460800,/home/joshuaz/sssm-states/reconstruction_experiments/results/recon_gated_deltanet_20260524_123245/spectra.pt
gated_deltanet,random,120,0.7352842680594263,460800,/home/joshuaz/sssm-states/reconstruction_experiments/results/recon_gated_deltanet_20260524_123245/spectra.pt
gated_deltanet,random,121,0.7392345268132897,460800,/home/joshuaz/sssm-states/reconstruction_experiments/results/recon_gated_deltanet_20260524_123245/spectra.pt
gated_deltanet,random,122,0.7431534658812762,460800,/home/joshuaz/sssm-states/reconstruction_experiments/results/recon_gated_deltanet_20260524_123245/spectra.pt
gated_deltanet,random,123,0.7470411771659432,460800,/home/joshuaz/sssm-states/reconstruction_experiments/results/recon_gated_deltanet_20260524_123245/spectra.pt
gated_deltanet,random,124,0.750897701129467,460800,/home/joshuaz/sssm-states/reconstruction_experiments/results/recon_gated_deltanet_20260524_123245/spectra.pt
gated_deltanet,random,125,0.75472310892325,460800,/home/joshuaz/sssm-states/reconstruction_experiments/results/recon_gated_deltanet_20260524_123245/spectra.pt
gated_deltanet,random,126,0.7585174307793353,460800,/home/joshuaz/sssm-states/reconstruction_experiments/results/recon_gated_deltanet_20260524_123245/spectra.pt
gated_deltanet,random,127,0.762280723861264,460800,/home/joshuaz/sssm-states/reconstruction_experiments/results/recon_gated_deltanet_20260524_123245/spectra.pt
gated_deltanet,random,128,0.7660130775435244,460800,/home/joshuaz/sssm-states/reconstruction_experiments/results/recon_gated_deltanet_20260524_123245/spectra.pt
gated_deltanet,random,129,0.7697145517504744,460800,/home/joshuaz/sssm-states/reconstruction_experiments/results/recon_gated_deltanet_20260524_123245/spectra.pt
gated_deltanet,random,130,0.7733851137498136,460800,/home/joshuaz/sssm-states/reconstruction_experiments/results/recon_gated_deltanet_20260524_123245/spectra.pt
gated_deltanet,random,131,0.7770248737338971,460800,/home/joshuaz/sssm-states/reconstruction_experiments/results/recon_gated_deltanet_20260524_123245/spectra.pt
gated_deltanet,random,132,0.780633845539222,460800,/home/joshuaz/sssm-states/reconstruction_experiments/results/recon_gated_deltanet_20260524_123245/spectra.pt
gated_deltanet,random,133,0.7842120547916449,460800,/home/joshuaz/sssm-states/reconstruction_experiments/results/recon_gated_deltanet_20260524_123245/spectra.pt
gated_deltanet,random,134,0.7877596131773085,460800,/home/joshuaz/sssm-states/reconstruction_experiments/results/recon_gated_deltanet_20260524_123245/spectra.pt
gated_deltanet,random,135,0.7912765454958037,460800,/home/joshuaz/sssm-states/reconstruction_experiments/results/recon_gated_deltanet_20260524_123245/spectra.pt
gated_deltanet,random,136,0.7947629085200983,460800,/home/joshuaz/sssm-states/reconstruction_experiments/results/recon_gated_deltanet_20260524_123245/spectra.pt
gated_deltanet,random,137,0.7982186980469578,460800,/home/joshuaz/sssm-states/reconstruction_experiments/results/recon_gated_deltanet_20260524_123245/spectra.pt
gated_deltanet,random,138,0.8016439503428546,460800,/home/joshuaz/sssm-states/reconstruction_experiments/results/recon_gated_deltanet_20260524_123245/spectra.pt
gated_deltanet,random,139,0.8050387699600801,460800,/home/joshuaz/sssm-states/reconstruction_experiments/results/recon_gated_deltanet_20260524_123245/spectra.pt
gated_deltanet,random,140,0.8084032131389325,460800,/home/joshuaz/sssm-states/reconstruction_experiments/results/recon_gated_deltanet_20260524_123245/spectra.pt
gated_deltanet,random,141,0.8117372791085005,460800,/home/joshuaz/sssm-states/reconstruction_experiments/results/recon_gated_deltanet_20260524_123245/spectra.pt
gated_deltanet,random,142,0.81504100471584,460800,/home/joshuaz/sssm-states/reconstruction_experiments/results/recon_gated_deltanet_20260524_123245/spectra.pt
gated_deltanet,random,143,0.8183144481279521,460800,/home/joshuaz/sssm-states/reconstruction_experiments/results/recon_gated_deltanet_20260524_123245/spectra.pt
gated_deltanet,random,144,0.8215576274852927,460800,/home/joshuaz/sssm-states/reconstruction_experiments/results/recon_gated_deltanet_20260524_123245/spectra.pt
gated_deltanet,random,145,0.8247706253927575,460800,/home/joshuaz/sssm-states/reconstruction_experiments/results/recon_gated_deltanet_20260524_123245/spectra.pt
gated_deltanet,random,146,0.8279534423472845,460800,/home/joshuaz/sssm-states/reconstruction_experiments/results/recon_gated_deltanet_20260524_123245/spectra.pt
gated_deltanet,random,147,0.8311061256718714,460800,/home/joshuaz/sssm-states/reconstruction_experiments/results/recon_gated_deltanet_20260524_123245/spectra.pt
gated_deltanet,random,148,0.8342287565851605,460800,/home/joshuaz/sssm-states/reconstruction_experiments/results/recon_gated_deltanet_20260524_123245/spectra.pt
gated_deltanet,random,149,0.8373212985023383,460800,/home/joshuaz/sssm-states/reconstruction_experiments/results/recon_gated_deltanet_20260524_123245/spectra.pt
gated_deltanet,random,150,0.8403838398334329,460800,/home/joshuaz/sssm-states/reconstruction_experiments/results/recon_gated_deltanet_20260524_123245/spectra.pt
gated_deltanet,random,151,0.8434164191169736,460800,/home/joshuaz/sssm-states/reconstruction_experiments/results/recon_gated_deltanet_20260524_123245/spectra.pt
gated_deltanet,random,152,0.8464190807072222,460800,/home/joshuaz/sssm-states/reconstruction_experiments/results/recon_gated_deltanet_20260524_123245/spectra.pt
gated_deltanet,random,153,0.8493918384232841,460800,/home/joshuaz/sssm-states/reconstruction_experiments/results/recon_gated_deltanet_20260524_123245/spectra.pt
gated_deltanet,random,154,0.8523347295046987,460800,/home/joshuaz/sssm-states/reconstruction_experiments/results/recon_gated_deltanet_20260524_123245/spectra.pt
gated_deltanet,random,155,0.8552477763875267,460800,/home/joshuaz/sssm-states/reconstruction_experiments/results/recon_gated_deltanet_20260524_123245/spectra.pt
gated_deltanet,random,156,0.8581310187925303,460800,/home/joshuaz/sssm-states/reconstruction_experiments/results/recon_gated_deltanet_20260524_123245/spectra.pt
gated_deltanet,random,157,0.8609844859795082,460800,/home/joshuaz/sssm-states/reconstruction_experiments/results/recon_gated_deltanet_20260524_123245/spectra.pt
gated_deltanet,random,158,0.8638081772478466,460800,/home/joshuaz/sssm-states/reconstruction_experiments/results/recon_gated_deltanet_20260524_123245/spectra.pt
gated_deltanet,random,159,0.8666021488746444,460800,/home/joshuaz/sssm-states/reconstruction_experiments/results/recon_gated_deltanet_20260524_123245/spectra.pt
gated_deltanet,random,160,0.8693664754472289,460800,/home/joshuaz/sssm-states/reconstruction_experiments/results/recon_gated_deltanet_20260524_123245/spectra.pt
gated_deltanet,random,161,0.872101173275918,460800,/home/joshuaz/sssm-states/reconstruction_experiments/results/recon_gated_deltanet_20260524_123245/spectra.pt
gated_deltanet,random,162,0.8748062828924761,460800,/home/joshuaz/sssm-states/reconstruction_experiments/results/recon_gated_deltanet_20260524_123245/spectra.pt
gated_deltanet,random,163,0.8774818104836353,460800,/home/joshuaz/sssm-states/reconstruction_experiments/results/recon_gated_deltanet_20260524_123245/spectra.pt
gated_deltanet,random,164,0.8801277985013723,460800,/home/joshuaz/sssm-states/reconstruction_experiments/results/recon_gated_deltanet_20260524_123245/spectra.pt
gated_deltanet,random,165,0.8827442853000362,460800,/home/joshuaz/sssm-states/reconstruction_experiments/results/recon_gated_deltanet_20260524_123245/spectra.pt
gated_deltanet,random,166,0.8853312873380775,460800,/home/joshuaz/sssm-states/reconstruction_experiments/results/recon_gated_deltanet_20260524_123245/spectra.pt
gated_deltanet,random,167,0.8878888051198816,460800,/home/joshuaz/sssm-states/reconstruction_experiments/results/recon_gated_deltanet_20260524_123245/spectra.pt
gated_deltanet,random,168,0.8904169351844393,460800,/home/joshuaz/sssm-states/reconstruction_experiments/results/recon_gated_deltanet_20260524_123245/spectra.pt
gated_deltanet,random,169,0.8929156622517324,460800,/home/joshuaz/sssm-states/reconstruction_experiments/results/recon_gated_deltanet_20260524_123245/spectra.pt
gated_deltanet,random,170,0.8953849881729182,460800,/home/joshuaz/sssm-states/reconstruction_experiments/results/recon_gated_deltanet_20260524_123245/spectra.pt
gated_deltanet,random,171,0.8978249318495491,460800,/home/joshuaz/sssm-states/reconstruction_experiments/results/recon_gated_deltanet_20260524_123245/spectra.pt
gated_deltanet,random,172,0.9002355873410661,460800,/home/joshuaz/sssm-states/reconstruction_experiments/results/recon_gated_deltanet_20260524_123245/spectra.pt
gated_deltanet,random,173,0.902616953348874,460800,/home/joshuaz/sssm-states/reconstruction_experiments/results/recon_gated_deltanet_20260524_123245/spectra.pt
gated_deltanet,random,174,0.9049690747511601,460800,/home/joshuaz/sssm-states/reconstruction_experiments/results/recon_gated_deltanet_20260524_123245/spectra.pt
gated_deltanet,random,175,0.9072919301048475,460800,/home/joshuaz/sssm-states/reconstruction_experiments/results/recon_gated_deltanet_20260524_123245/spectra.pt
gated_deltanet,random,176,0.9095855983518629,460800,/home/joshuaz/sssm-states/reconstruction_experiments/results/recon_gated_deltanet_20260524_123245/spectra.pt
gated_deltanet,random,177,0.91185005679863,460800,/home/joshuaz/sssm-states/reconstruction_experiments/results/recon_gated_deltanet_20260524_123245/spectra.pt
gated_deltanet,random,178,0.9140853545019012,460800,/home/joshuaz/sssm-states/reconstruction_experiments/results/recon_gated_deltanet_20260524_123245/spectra.pt
gated_deltanet,random,179,0.9162914934279089,460800,/home/joshuaz/sssm-states/reconstruction_experiments/results/recon_gated_deltanet_20260524_123245/spectra.pt
gated_deltanet,random,180,0.9184685282979846,460800,/home/joshuaz/sssm-states/reconstruction_experiments/results/recon_gated_deltanet_20260524_123245/spectra.pt
gated_deltanet,random,181,0.9206165071823363,460800,/home/joshuaz/sssm-states/reconstruction_experiments/results/recon_gated_deltanet_20260524_123245/spectra.pt
gated_deltanet,random,182,0.9227353679800194,460800,/home/joshuaz/sssm-states/reconstruction_experiments/results/recon_gated_deltanet_20260524_123245/spectra.pt
gated_deltanet,random,183,0.9248251525599062,460800,/home/joshuaz/sssm-states/reconstruction_experiments/results/recon_gated_deltanet_20260524_123245/spectra.pt
gated_deltanet,random,184,0.9268859289103466,460800,/home/joshuaz/sssm-states/reconstruction_experiments/results/recon_gated_deltanet_20260524_123245/spectra.pt
gated_deltanet,random,185,0.9289176803974807,460800,/home/joshuaz/sssm-states/reconstruction_experiments/results/recon_gated_deltanet_20260524_123245/spectra.pt
gated_deltanet,random,186,0.930920457587896,460800,/home/joshuaz/sssm-states/reconstruction_experiments/results/recon_gated_deltanet_20260524_123245/spectra.pt
gated_deltanet,random,187,0.9328942972905598,460800,/home/joshuaz/sssm-states/reconstruction_experiments/results/recon_gated_deltanet_20260524_123245/spectra.pt
gated_deltanet,random,188,0.934839175030347,460800,/home/joshuaz/sssm-states/reconstruction_experiments/results/recon_gated_deltanet_20260524_123245/spectra.pt
gated_deltanet,random,189,0.936755118587647,460800,/home/joshuaz/sssm-states/reconstruction_experiments/results/recon_gated_deltanet_20260524_123245/spectra.pt
gated_deltanet,random,190,0.9386421497018121,460800,/home/joshuaz/sssm-states/reconstruction_experiments/results/recon_gated_deltanet_20260524_123245/spectra.pt
gated_deltanet,random,191,0.9405003000988575,460800,/home/joshuaz/sssm-states/reconstruction_experiments/results/recon_gated_deltanet_20260524_123245/spectra.pt
gated_deltanet,random,192,0.9423295617990279,460800,/home/joshuaz/sssm-states/reconstruction_experiments/results/recon_gated_deltanet_20260524_123245/spectra.pt
gated_deltanet,random,193,0.9441299665090013,460800,/home/joshuaz/sssm-states/reconstruction_experiments/results/recon_gated_deltanet_20260524_123245/spectra.pt
gated_deltanet,random,194,0.9459015592636574,460800,/home/joshuaz/sssm-states/reconstruction_experiments/results/recon_gated_deltanet_20260524_123245/spectra.pt
gated_deltanet,random,195,0.9476443342369273,460800,/home/joshuaz/sssm-states/reconstruction_experiments/results/recon_gated_deltanet_20260524_123245/spectra.pt
gated_deltanet,random,196,0.9493583174364835,460800,/home/joshuaz/sssm-states/reconstruction_experiments/results/recon_gated_deltanet_20260524_123245/spectra.pt
gated_deltanet,random,197,0.9510435316304655,460800,/home/joshuaz/sssm-states/reconstruction_experiments/results/recon_gated_deltanet_20260524_123245/spectra.pt
gated_deltanet,random,198,0.9526999803001535,460800,/home/joshuaz/sssm-states/reconstruction_experiments/results/recon_gated_deltanet_20260524_123245/spectra.pt
gated_deltanet,random,199,0.9543277202970367,460800,/home/joshuaz/sssm-states/reconstruction_experiments/results/recon_gated_deltanet_20260524_123245/spectra.pt
gated_deltanet,random,200,0.9559267082651508,460800,/home/joshuaz/sssm-states/reconstruction_experiments/results/recon_gated_deltanet_20260524_123245/spectra.pt
gated_deltanet,random,201,0.9574969867689163,460800,/home/joshuaz/sssm-states/reconstruction_experiments/results/recon_gated_deltanet_20260524_123245/spectra.pt
gated_deltanet,random,202,0.9590385808550651,460800,/home/joshuaz/sssm-states/reconstruction_experiments/results/recon_gated_deltanet_20260524_123245/spectra.pt
gated_deltanet,random,203,0.9605515030608512,460800,/home/joshuaz/sssm-states/reconstruction_experiments/results/recon_gated_deltanet_20260524_123245/spectra.pt
gated_deltanet,random,204,0.9620357102893878,460800,/home/joshuaz/sssm-states/reconstruction_experiments/results/recon_gated_deltanet_20260524_123245/spectra.pt
gated_deltanet,random,205,0.963491299984572,460800,/home/joshuaz/sssm-states/reconstruction_experiments/results/recon_gated_deltanet_20260524_123245/spectra.pt
gated_deltanet,random,206,0.964918217245987,460800,/home/joshuaz/sssm-states/reconstruction_experiments/results/recon_gated_deltanet_20260524_123245/spectra.pt
gated_deltanet,random,207,0.9663165185745013,460800,/home/joshuaz/sssm-states/reconstruction_experiments/results/recon_gated_deltanet_20260524_123245/spectra.pt
gated_deltanet,random,208,0.9676862589477596,460800,/home/joshuaz/sssm-states/reconstruction_experiments/results/recon_gated_deltanet_20260524_123245/spectra.pt
gated_deltanet,random,209,0.969027370384327,460800,/home/joshuaz/sssm-states/reconstruction_experiments/results/recon_gated_deltanet_20260524_123245/spectra.pt
gated_deltanet,random,210,0.9703398918153702,460800,/home/joshuaz/sssm-states/reconstruction_experiments/results/recon_gated_deltanet_20260524_123245/spectra.pt
gated_deltanet,random,211,0.971623875422824,460800,/home/joshuaz/sssm-states/reconstruction_experiments/results/recon_gated_deltanet_20260524_123245/spectra.pt
gated_deltanet,random,212,0.9728792941500203,460800,/home/joshuaz/sssm-states/reconstruction_experiments/results/recon_gated_deltanet_20260524_123245/spectra.pt
gated_deltanet,random,213,0.9741061534592061,460800,/home/joshuaz/sssm-states/reconstruction_experiments/results/recon_gated_deltanet_20260524_123245/spectra.pt
gated_deltanet,random,214,0.9753044867864135,460800,/home/joshuaz/sssm-states/reconstruction_experiments/results/recon_gated_deltanet_20260524_123245/spectra.pt
gated_deltanet,random,215,0.9764742949365243,460800,/home/joshuaz/sssm-states/reconstruction_experiments/results/recon_gated_deltanet_20260524_123245/spectra.pt
gated_deltanet,random,216,0.9776155677720609,460800,/home/joshuaz/sssm-states/reconstruction_experiments/results/recon_gated_deltanet_20260524_123245/spectra.pt
gated_deltanet,random,217,0.9787283560950478,460800,/home/joshuaz/sssm-states/reconstruction_experiments/results/recon_gated_deltanet_20260524_123245/spectra.pt
gated_deltanet,random,218,0.9798126644723018,460800,/home/joshuaz/sssm-states/reconstruction_experiments/results/recon_gated_deltanet_20260524_123245/spectra.pt
gated_deltanet,random,219,0.9808685259256913,460800,/home/joshuaz/sssm-states/reconstruction_experiments/results/recon_gated_deltanet_20260524_123245/spectra.pt
gated_deltanet,random,220,0.981895927990357,460800,/home/joshuaz/sssm-states/reconstruction_experiments/results/recon_gated_deltanet_20260524_123245/spectra.pt
gated_deltanet,random,221,0.9828948606671376,460800,/home/joshuaz/sssm-states/reconstruction_experiments/results/recon_gated_deltanet_20260524_123245/spectra.pt
gated_deltanet,random,222,0.9838653418190211,460800,/home/joshuaz/sssm-states/reconstruction_experiments/results/recon_gated_deltanet_20260524_123245/spectra.pt
gated_deltanet,random,223,0.9848073647776687,460800,/home/joshuaz/sssm-states/reconstruction_experiments/results/recon_gated_deltanet_20260524_123245/spectra.pt
gated_deltanet,random,224,0.9857210096951934,460800,/home/joshuaz/sssm-states/reconstruction_experiments/results/recon_gated_deltanet_20260524_123245/spectra.pt
gated_deltanet,random,225,0.9866062660130703,460800,/home/joshuaz/sssm-states/reconstruction_experiments/results/recon_gated_deltanet_20260524_123245/spectra.pt
gated_deltanet,random,226,0.9874631220299636,460800,/home/joshuaz/sssm-states/reconstruction_experiments/results/recon_gated_deltanet_20260524_123245/spectra.pt
gated_deltanet,random,227,0.9882915563469167,460800,/home/joshuaz/sssm-states/reconstruction_experiments/results/recon_gated_deltanet_20260524_123245/spectra.pt
gated_deltanet,random,228,0.9890915837476826,460800,/home/joshuaz/sssm-states/reconstruction_experiments/results/recon_gated_deltanet_20260524_123245/spectra.pt
gated_deltanet,random,229,0.9898632434346737,460800,/home/joshuaz/sssm-states/reconstruction_experiments/results/recon_gated_deltanet_20260524_123245/spectra.pt
gated_deltanet,random,230,0.9906065577079366,460800,/home/joshuaz/sssm-states/reconstruction_experiments/results/recon_gated_deltanet_20260524_123245/spectra.pt
gated_deltanet,random,231,0.9913214735106584,460800,/home/joshuaz/sssm-states/reconstruction_experiments/results/recon_gated_deltanet_20260524_123245/spectra.pt
gated_deltanet,random,232,0.9920080251547848,460800,/home/joshuaz/sssm-states/reconstruction_experiments/results/recon_gated_deltanet_20260524_123245/spectra.pt
gated_deltanet,random,233,0.9926662320563486,460800,/home/joshuaz/sssm-states/reconstruction_experiments/results/recon_gated_deltanet_20260524_123245/spectra.pt
gated_deltanet,random,234,0.993296113237742,460800,/home/joshuaz/sssm-states/reconstruction_experiments/results/recon_gated_deltanet_20260524_123245/spectra.pt
gated_deltanet,random,235,0.9938976373452184,460800,/home/joshuaz/sssm-states/reconstruction_experiments/results/recon_gated_deltanet_20260524_123245/spectra.pt
gated_deltanet,random,236,0.9944708319963219,460800,/home/joshuaz/sssm-states/reconstruction_experiments/results/recon_gated_deltanet_20260524_123245/spectra.pt
gated_deltanet,random,237,0.9950156449798321,460800,/home/joshuaz/sssm-states/reconstruction_experiments/results/recon_gated_deltanet_20260524_123245/spectra.pt
gated_deltanet,random,238,0.995532153588189,460800,/home/joshuaz/sssm-states/reconstruction_experiments/results/recon_gated_deltanet_20260524_123245/spectra.pt
gated_deltanet,random,239,0.996020365902036,460800,/home/joshuaz/sssm-states/reconstruction_experiments/results/recon_gated_deltanet_20260524_123245/spectra.pt
gated_deltanet,random,240,0.9964802872085503,460800,/home/joshuaz/sssm-states/reconstruction_experiments/results/recon_gated_deltanet_20260524_123245/spectra.pt
gated_deltanet,random,241,0.9969119285400052,460800,/home/joshuaz/sssm-states/reconstruction_experiments/results/recon_gated_deltanet_20260524_123245/spectra.pt
gated_deltanet,random,242,0.9973152558993329,460800,/home/joshuaz/sssm-states/reconstruction_experiments/results/recon_gated_deltanet_20260524_123245/spectra.pt
gated_deltanet,random,243,0.9976902599378044,460800,/home/joshuaz/sssm-states/reconstruction_experiments/results/recon_gated_deltanet_20260524_123245/spectra.pt
gated_deltanet,random,244,0.998037010699872,460800,/home/joshuaz/sssm-states/reconstruction_experiments/results/recon_gated_deltanet_20260524_123245/spectra.pt
gated_deltanet,random,245,0.9983554761555063,460800,/home/joshuaz/sssm-states/reconstruction_experiments/results/recon_gated_deltanet_20260524_123245/spectra.pt
gated_deltanet,random,246,0.9986456504686096,460800,/home/joshuaz/sssm-states/reconstruction_experiments/results/recon_gated_deltanet_20260524_123245/spectra.pt
gated_deltanet,random,247,0.9989075532206418,460800,/home/joshuaz/sssm-states/reconstruction_experiments/results/recon_gated_deltanet_20260524_123245/spectra.pt
gated_deltanet,random,248,0.9991412038244474,460800,/home/joshuaz/sssm-states/reconstruction_experiments/results/recon_gated_deltanet_20260524_123245/spectra.pt
gated_deltanet,random,249,0.9993466369396222,460800,/home/joshuaz/sssm-states/reconstruction_experiments/results/recon_gated_deltanet_20260524_123245/spectra.pt
gated_deltanet,random,250,0.9995238289880973,460800,/home/joshuaz/sssm-states/reconstruction_experiments/results/recon_gated_deltanet_20260524_123245/spectra.pt
gated_deltanet,random,251,0.9996727737448241,460800,/home/joshuaz/sssm-states/reconstruction_experiments/results/recon_gated_deltanet_20260524_123245/spectra.pt
gated_deltanet,random,252,0.9997935542615207,460800,/home/joshuaz/sssm-states/reconstruction_experiments/results/recon_gated_deltanet_20260524_123245/spectra.pt
gated_deltanet,random,253,0.9998862491662873,460800,/home/joshuaz/sssm-states/reconstruction_experiments/results/recon_gated_deltanet_20260524_123245/spectra.pt
gated_deltanet,random,254,0.9999509801126569,460800,/home/joshuaz/sssm-states/reconstruction_experiments/results/recon_gated_deltanet_20260524_123245/spectra.pt
gated_deltanet,random,255,0.9999881992443722,460800,/home/joshuaz/sssm-states/reconstruction_experiments/results/recon_gated_deltanet_20260524_123245/spectra.pt
gated_deltanet,random,256,1.0,460800,/home/joshuaz/sssm-states/reconstruction_experiments/results/recon_gated_deltanet_20260524_123245/spectra.pt
